Symbol,Name,Address,Sector,Industry,Full Time Employees,,Total ESG Risk score,Environment Risk Score,Governance Risk Score,Social Risk Score,Controversy Level,Controversy Score,ESG Risk Percentile,ESG Risk Level
ENPH,"Enphase Energy, Inc.","47281 Bayside Parkway
Fremont, CA 94538
United States",Technology,Solar,"3,157",,,,,,,,,
EMN,Eastman Chemical Company,"200 South Wilcox Drive
Kingsport, TN 37662
United States",Basic Materials,Specialty Chemicals,"14,000",,25.3,12.8,6.6,5.8,Moderate Controversy Level,2,50th percentile,Medium
DPZ,Domino's Pizza Inc.,"30 Frank Lloyd Wright Drive
Ann Arbor, MI 48105
United States",Consumer Cyclical,Restaurants,"6,500",,29.2,10.6,6.3,12.2,Moderate Controversy Level,2,66th percentile,Medium
DAY,"Dayforce, Inc.","3311 East Old Shakopee Road
Minneapolis, MN 55425
United States",Technology,Software - Application,"9,084",,29.2,,,,,,,
DVA,Davita Inc.,"2000 16th Street
Denver, CO 80202
United States",Healthcare,Medical Care Facilities,"70,000",,29.2,0.1,8.4,14.1,Moderate Controversy Level,2,38th percentile,Medium
DRI,"Darden Restaurants, Inc.","1000 Darden Center Drive
Orlando, FL 32837
United States",Consumer Cyclical,Restaurants,"1,87,384",,29.2,7.9,4.6,15,Moderate Controversy Level,2,59th percentile,Medium
ZTS,Zoetis Inc.,"10 Sylvan Way
Parsippany, NJ 07054
United States",Healthcare,Drug Manufacturers - Specialty & Generic,"14,100",,29.2,3.2,8.7,6.8,Moderate Controversy Level,2,23rd percentile,Low
ZBH,"Zimmer Biomet Holdings, Inc.","345 East Main Street
Warsaw, IN 46580
United States",Healthcare,Medical Devices,"18,000",,29.2,3.6,7.9,14.5,Moderate Controversy Level,2,53rd percentile,Medium
ZBRA,Zebra Technologies Corporation,"3 Overlook Point
Lincolnshire, IL 60069
United States",Technology,Communication Equipment,"9,750",,29.2,,,,,,,
YUM,"Yum! Brands, Inc.","1441 Gardiner Lane
Louisville, KY 40213
United States",Consumer Cyclical,Restaurants,"35,000",,29.2,4.5,4.1,11.4,Moderate Controversy Level,2,28th percentile,Medium
XYL,Xylem Inc,"300 Water Street SE
Suite 200
Washington, DC 20003
United States",Industrials,Specialty Industrial Machinery,"23,000",,29.2,4.3,5.2,8.7,Low Controversy Level,1,21st percentile,Low
XEL,"Xcel Energy, Inc.","414 Nicollet Mall
Minneapolis, MN 55401
United States",Utilities,Utilities - Regulated Electric,"11,311",,29.2,12.7,4.5,9.3,Moderate Controversy Level,2,55th percentile,Medium
WYNN,Wynn Resorts Ltd,"3131 Las Vegas Boulevard South
Las Vegas, NV 89109
United States",Consumer Cyclical,Resorts & Casinos,"27,800",,29.2,3.4,10.6,11.8,Moderate Controversy Level,2,52nd percentile,Medium
WTW,Willis Towers Watson Public Limited Companys,"51 Lime Street
London, EC3M 7DQ
United Kingdom",Financial Services,Insurance Brokers,"48,000",,29.2,0.1,10.8,7.8,Moderate Controversy Level,2,23rd percentile,Low
WMB,Williams Companies Inc.,"One Williams Center
Tulsa, OK 74172
United States",Energy,Oil & Gas Midstream,"5,601",,29.2,8.7,3,10.1,Moderate Controversy Level,2,35th percentile,Medium
WY,Weyerhaeuser Company,"220 Occidental Avenue South
Seattle, WA 98104-7800
United States",Real Estate,REIT - Specialty,"9,300",,29.2,9.1,3.5,4.2,Moderate Controversy Level,2,16th percentile,Low
WRK,Westrock Company,"1000 Abernathy Road NE
Atlanta, GA 30328
United States",Consumer Cyclical,Packaging & Containers,"56,100",,29.2,,,,,,,
WDC,Western Digital Corp.,"5601 Great Oaks Parkway
Great Oaks
San Jose, CA 95119
United States",Technology,Computer Hardware,"53,000",,29.2,1.5,6.1,3.9,Moderate Controversy Level,2,4th percentile,Low
WST,"West Pharmaceutical Services, Inc.","530 Herman O. West Drive
Exton, PA 19341-1147
United States",Healthcare,Medical Instruments & Supplies,"10,600",,29.2,,,,,,,
WELL,Welltower Inc.,"4500 Dorr Street
Toledo, OH 43615-4040
United States",Real Estate,REIT - Healthcare Facilities,533,,29.2,4.2,5.5,3.5,Low Controversy Level,1,7th percentile,Low
WFC,Wells Fargo & Co.,"420 Montgomery Street
San Francisco, CA 94104
United States",Financial Services,Banks - Diversified,"2,24,824",,29.2,2,19.4,14.8,Severe Controversy Level,5,87th percentile,High
WEC,"Wec Energy Group, Inc.","231 West Michigan Street
PO Box 1331
Milwaukee, WI 53201
United States",Utilities,Utilities - Regulated Electric,"7,000",,29.2,13.4,5.1,9,Low Controversy Level,1,59th percentile,Medium
WAT,Waters Corp,"34 Maple Street
Milford, MA 01757
United States",Healthcare,Diagnostics & Research,"7,900",,29.2,1.4,5.1,8.2,None Controversy Level,N/A,10th percentile,Low
WM,"Waste Management, Inc.","800 Capitol Street
Suite 3000
Houston, TX 77002
United States",Industrials,Waste Management,"48,000",,29.2,8.1,3.3,5.2,Moderate Controversy Level,2,16th percentile,Low
WBD,"Warner Bros. Discovery, Inc. Series a","230 Park Avenue South
New York, NY 10003
United States",Communication Services,Entertainment,"35,300",,29.2,,,,,,,
WMT,Walmart Inc.,"702 South West 8th Street
Bentonville, AR 72716
United States",Consumer Defensive,Discount Stores,"21,00,000",,29.2,5.9,7.1,12.4,Significant Controversy Level,3,50th percentile,Medium
WBA,"Walgreens Boots Alliance, Inc","108 Wilmot Road
Deerfield, IL 60015
United States",Healthcare,Pharmaceutical Retailers,"3,30,000",,29.2,1.8,5.2,9.3,Significant Controversy Level,3,15th percentile,Low
WAB,Wabtec Inc.,"30 Isabella Street
Pittsburgh, PA 15212
United States",Industrials,Railroads,"29,000",,29.2,5.4,6,12,Moderate Controversy Level,2,42nd percentile,Medium
GWW,"W.W. Grainger, Inc.","100 Grainger Parkway
Lake Forest, IL 60045-5201
United States",Industrials,Industrial Distribution,"23,200",,29.2,4.5,5.9,5.6,Moderate Controversy Level,2,14th percentile,Low
WRB,W.R. Berkley Corporation,"475 Steamboat Road
Greenwich, CT 06830
United States",Financial Services,Insurance - Property & Casualty,"8,329",,29.2,2,11.9,7.9,Low Controversy Level,1,35th percentile,Medium
VMC,Vulcan Materials Company,"1200 Urban Center Drive
Birmingham, AL 35242
United States",Basic Materials,Building Materials,"10,961",,29.2,13.4,9.1,6.8,Moderate Controversy Level,2,66th percentile,Medium
VST,Vistra Corp.,"6555 Sierra Drive
Irving, TX 75039
United States",Utilities,Utilities - Independent Power Producers,"4,870",,29.2,,,,,,,
V,Visa Inc.,"PO Box 8999
San Francisco, CA 94128-8999
United States",Financial Services,Credit Services,,,29.2,1.8,6.7,8.2,Significant Controversy Level,3,16th percentile,Low
VICI,Vici Properties Inc.,"535 Madison Avenue
20th Floor
New York, NY 10022-2203
United States",Real Estate,REIT - Diversified,28,,29.2,,,,,,,
VTRS,Viatris Inc.,"1000 Mylan Boulevard
Canonsburg, PA 15317
United States",Healthcare,Drug Manufacturers - Specialty & Generic,"33,000",,29.2,,,,,,,
VRTX,Vertex Pharmaceuticals Inc,"50 Northern Avenue
Boston, MA 02210
United States",Healthcare,Biotechnology,"5,400",,29.2,0.8,6.6,15.4,Moderate Controversy Level,2,39th percentile,Medium
VZ,Verizon Communications,"1095 Avenue of the Americas
New York, NY 10036
United States",Communication Services,Telecom Services,"1,04,400",,29.2,3.7,5.4,9.6,Significant Controversy Level,3,23rd percentile,Low
VRSK,"Verisk Analytics, Inc.","545 Washington Boulevard
Jersey City, NJ 07310-1686
United States",Industrials,Consulting Services,"7,500",,29.2,0.1,5,12.5,Low Controversy Level,1,19th percentile,Low
VRSN,Verisign Inc,"12061 Bluemont Way
Reston, VA 20190
United States",Technology,Software - Infrastructure,907,,29.2,4.7,5.8,10.8,Low Controversy Level,1,33rd percentile,Medium
VLTO,Veralto Corporation,"225 Wyman Street
Suite 250
Waltham, MA 02451
United States",Industrials,Pollution & Treatment Controls,"16,000",,29.2,,,,,,,
VTR,"Ventas, Inc.","353 North Clark Street
Suite 3300
Chicago, IL 60654-4708
United States",Real Estate,REIT - Healthcare Facilities,486,,29.2,3.4,5.6,3.9,None Controversy Level,N/A,6th percentile,Low
VLO,Valero Energy Corporation,"One Valero Way
San Antonio, TX 78249
United States",Energy,Oil & Gas Refining & Marketing,"9,886",,29.2,20.1,5,7.4,Moderate Controversy Level,2,77th percentile,High
UHS,"Universal Health Services, Inc. Class B","Universal Corporate Center
367 South Gulph Road PO Box 61558
King of Prussia, PA 19406-0958
United States",Healthcare,Medical Care Facilities,"96,700",,29.2,3.7,8.6,20.7,Significant Controversy Level,3,78th percentile,High
UNH,Unitedhealth Group Incorporated,"UnitedHealth Group Center
9900 Bren Road East
Minnetonka, MN 55343
United States",Healthcare,Healthcare Plans,"4,40,000",,29.2,0,5.6,9.7,Significant Controversy Level,3,12th percentile,Low
URI,"United Rentals, Inc.","100 First Stamford Place
Suite 700
Stamford, CT 06902
United States",Industrials,Rental & Leasing Services,"26,650",,29.2,5.3,5.4,6.1,Low Controversy Level,1,17th percentile,Low
UPS,"United Parcel Service, Inc. Class B","55 Glenlake Parkway, N.E.
Atlanta, GA 30328
United States",Industrials,Integrated Freight & Logistics,"5,00,000",,29.2,4.2,5.5,8.9,Moderate Controversy Level,2,23rd percentile,Low
UAL,"United Airlines Holdings, Inc.","233 South Wacker Drive
Chicago, IL 60606
United States",Industrials,Airlines,"1,04,500",,29.2,10.8,5,12.8,Moderate Controversy Level,2,64th percentile,Medium
UNP,Union Pacific Corp.,"1400 Douglas Street
Omaha, NE 68179
United States",Industrials,Railroads,"31,052",,29.2,7.3,5.6,10.6,Moderate Controversy Level,2,42nd percentile,Medium
ULTA,"Ulta Beauty, Inc.","1000 Remington Boulevard
Suite 120
Bolingbrook, IL 60440
United States",Consumer Cyclical,Specialty Retail,"20,000",,29.2,4.1,4.3,7.3,Moderate Controversy Level,2,13th percentile,Low
UDR,"Udr, Inc.","1745 Shea Center Drive
Suite 200
Highlands Ranch, CO 80129-1540
United States",Real Estate,REIT - Residential,"1,397",,29.2,3.7,6.3,3.9,Low Controversy Level,1,9th percentile,Low
UBER,"Uber Technologies, Inc.","1725 3rd Street
San Francisco, CA 94158
United States",Technology,Software - Application,"30,700",,29.2,,,,,,,
USB,U.S. Bancorp,"800 Nicollet Mall
Minneapolis, MN 55402
United States",Financial Services,Banks - Regional,"70,000",,29.2,1.8,13,15.5,Significant Controversy Level,3,70th percentile,High
TSN,"Tyson Foods, Inc.","2200 West Don Tyson Parkway
Springdale, AR 72762-6999
United States",Consumer Defensive,Farm Products,"1,39,000",,29.2,14,9.5,12.4,High Controversy Level,4,85th percentile,High
TYL,"Tyler Technologies, Inc.","5101 Tennyson Parkway
Plano, TX 75024
United States",Technology,Software - Application,"7,305",,29.2,,,,,,,
TFC,Truist Financial Corporation,"214 North Tryon Street
Charlotte, NC 28202
United States",Financial Services,Banks - Regional,"49,218",,29.2,,,,,,,
TRMB,Trimble Inc.,"10368 Westmoor Drive
Westminster, CO 80021
United States",Technology,Scientific & Technical Instruments,"12,700",,29.2,3.8,5.2,3.4,None Controversy Level,N/A,6th percentile,Low
TDG,Transdigm Group Incorporated,"The Tower at Erieview
Suite 3000 1301 East 9th Street
Cleveland, OH 44114
United States",Industrials,Aerospace & Defense,"15,500",,29.2,12,9,17.7,Moderate Controversy Level,2,90th percentile,High
TT,Trane Technologies Plc,"170/175 Lakeview Drive
Airside Business Park
Swords
Ireland",Industrials,Building Products & Equipment,"40,000",,29.2,4.4,5.1,5.7,Moderate Controversy Level,2,12th percentile,Low
TSCO,Tractor Supply Co,"5401 Virginia Way
Brentwood, TN 37027
United States",Consumer Cyclical,Specialty Retail,"50,000",,29.2,3.4,4.5,8.2,Moderate Controversy Level,2,14th percentile,Low
TJX,"Tjx Companies, Inc.","770 Cochituate Road
Framingham, MA 01701
United States",Consumer Cyclical,Apparel Retail,"3,49,000",,29.2,1.9,4.8,7.7,Moderate Controversy Level,2,10th percentile,Low
TMO,"Thermo Fisher Scientific, Inc.","168 Third Avenue
Waltham, MA 02451
United States",Healthcare,Diagnostics & Research,"1,22,000",,29.2,1.4,6.5,4.9,Significant Controversy Level,3,6th percentile,Low
DIS,The Walt Disney Company,"500 South Buena Vista Street
Burbank, CA 91521
United States",Communication Services,Entertainment,"1,73,250",,29.2,0,6.7,9,Moderate Controversy Level,2,13th percentile,Low
TRV,"The Travelers Companies, Inc.","485 Lexington Avenue
New York, NY 10017
United States",Financial Services,Insurance - Property & Casualty,"32,967",,29.2,1,10,9.3,Low Controversy Level,1,29th percentile,Medium
SO,The Southern Company,"30 Ivan Allen Jr. Boulevard, NW
Atlanta, GA 30308
United States",Utilities,Utilities - Regulated Electric,"27,819",,29.2,14.7,7.3,11,Moderate Controversy Level,2,78th percentile,High
SHW,The Sherwin-Williams Company,"101 West Prospect Avenue
Cleveland, OH 44115-1075
United States",Basic Materials,Specialty Chemicals,"64,088",,29.2,14.3,5.8,9.2,Moderate Controversy Level,2,66th percentile,Medium
MOS,The Mosaic Company,"101 East Kennedy Boulevard
Suite 2500
Tampa, FL 33602
United States",Basic Materials,Agricultural Inputs,"14,049",,29.2,13.9,8.6,11.1,Moderate Controversy Level,2,80th percentile,High
KR,The Kroger Co.,"1014 Vine Street
Cincinnati, OH 45202-1100
United States",Consumer Defensive,Grocery Stores,"4,14,000",,29.2,6.6,5.6,9.1,Significant Controversy Level,3,33rd percentile,Medium
KHC,The Kraft Heinz Company,"One PPG Place
Pittsburgh, PA 15222
United States",Consumer Defensive,Packaged Foods,"36,000",,29.2,13.5,6.2,14.1,Significant Controversy Level,3,80th percentile,High
SJM,The J.M. Smucker Company,"One Strawberry Lane
Orrville, OH 44667-0280
United States",Consumer Defensive,Packaged Foods,"5,800",,29.2,12.9,5.6,12,Moderate Controversy Level,2,71st percentile,High
IPG,"The Interpublic Group of Companies, Inc.","909 Third Avenue
New York, NY 10022
United States",Communication Services,Advertising Agencies,"56,800",,29.2,0,5.3,5,Low Controversy Level,1,3rd percentile,Low
HSY,The Hershey Company,"19 East Chocolate Avenue
Hershey, PA 17033
United States",Consumer Defensive,Confectioners,"18,650",,29.2,10.5,5.1,10.4,Significant Controversy Level,3,53rd percentile,Medium
HIG,"The Hartford Financial Services Group, Inc.","One Hartford Plaza
Hartford, CT 06155
United States",Financial Services,Insurance - Property & Casualty,"18,700",,29.2,1.8,7.6,7.2,Low Controversy Level,1,16th percentile,Low
EL,The Estee Lauder Companies Inc. Class A,"767 Fifth Avenue
New York, NY 10153
United States",Consumer Defensive,Household & Personal Products,"44,020",,29.2,6.9,7.5,11.1,Moderate Controversy Level,2,51st percentile,Medium
COO,"The Cooper Companies, Inc.","6101 Bollinger Canyon Road
Suite 500
San Ramon, CA 94583
United States",Healthcare,Medical Instruments & Supplies,"15,000",,29.2,2.7,6,8.8,Moderate Controversy Level,2,19th percentile,Low
CI,The Cigna Group,"900 Cottage Grove Road
Bloomfield, CT 06002
United States",Healthcare,Healthcare Plans,"70,325",,29.2,0,5.7,6,Moderate Controversy Level,2,3rd percentile,Low
SCHW,The Charles Schwab Corporation,"3000 Schwab Way
Westlake, TX 76262
United States",Financial Services,Capital Markets,"32,600",,29.2,2.4,11.9,8.9,Moderate Controversy Level,2,41st percentile,Medium
ALL,The Allstate Corporation,"3100 Sanders Road
Northbrook, IL 60062
United States",Financial Services,Insurance - Property & Casualty,"53,000",,29.2,1,10.9,10.1,Moderate Controversy Level,2,36th percentile,Medium
TXT,"Textron, Inc.","40 Westminster Street
Providence, RI 02903
United States",Industrials,Aerospace & Defense,"35,000",,29.2,10.9,6.6,16.1,Moderate Controversy Level,2,80th percentile,High
TXN,Texas Instruments Incorporated,"12500 TI Boulevard
Dallas, TX 75243
United States",Technology,Semiconductors,"34,000",,29.2,7.8,6.9,6,Moderate Controversy Level,2,30th percentile,Medium
TSLA,"Tesla, Inc.","1 Tesla Road
Austin, TX 78725
United States",Consumer Cyclical,Auto Manufacturers,"1,40,473",,29.2,3.3,7.8,14.1,Significant Controversy Level,3,50th percentile,Medium
TER,"Teradyne, Inc.","600 Riverpark Drive
North Reading, MA 01864
United States",Technology,Semiconductor Equipment & Materials,"6,600",,29.2,7.1,5,4.9,None Controversy Level,N/A,17th percentile,Low
TFX,Teleflex Incorporated,"550 East Swedesford Road
Suite 400
Wayne, PA 19087-1603
United States",Healthcare,Medical Instruments & Supplies,"14,500",,29.2,4.8,8.7,16.1,Moderate Controversy Level,2,67th percentile,Medium
TDY,Teledyne Technologies Incorporated,"1049 Camino Dos Rios
Thousand Oaks, CA 91360-2362
United States",Technology,Scientific & Technical Instruments,"14,900",,29.2,,,,,,,
TEL,Te Connectivity Ltd,"MUehlenstrasse 26
Schaffhausen, 8200
Switzerland",Technology,Electronic Components,"85,000",,29.2,5.8,4.6,4.4,None Controversy Level,N/A,11th percentile,Low
TGT,Target Corporation,"1000 Nicollet Mall
Minneapolis, MN 55403
United States",Consumer Defensive,Discount Stores,"4,15,000",,29.2,1.9,4.9,7.6,Significant Controversy Level,3,10th percentile,Low
TRGP,Targa Resources Corp.,"811 Louisiana Street
Suite 2100
Houston, TX 77002
United States",Energy,Oil & Gas Midstream,"3,182",,29.2,14.2,4.2,14.8,Moderate Controversy Level,2,79th percentile,High
TPR,"Tapestry, Inc.","10 Hudson Yards
New York, NY 10001
United States",Consumer Cyclical,Luxury Goods,"12,600",,29.2,1.1,5.2,8.6,Moderate Controversy Level,2,11th percentile,Low
TTWO,Take-Two Interactive Software Inc,"110 West 44th Street
New York, NY 10036
United States",Communication Services,Electronic Gaming & Multimedia,"12,371",,29.2,,,,,,,
TMUS,"T-Mobile Us, Inc.","12920 SE 38th Street
Bellevue, WA 98006-1350
United States",Communication Services,Telecom Services,"67,000",,29.2,4.2,7.1,13.4,Significant Controversy Level,3,47th percentile,Medium
TROW,T Rowe Price Group Inc,"100 East Pratt Street
Baltimore, MD 21202
United States",Financial Services,Asset Management,"7,878",,29.2,2.4,5.6,8.9,Low Controversy Level,1,17th percentile,Low
SYY,Sysco Corporation,"1390 Enclave Parkway
Houston, TX 77077-2099
United States",Consumer Defensive,Food Distribution,"72,000",,29.2,5.4,4.5,6.1,Moderate Controversy Level,2,14th percentile,Low
SNPS,Synopsys Inc,"675 Almanor Avenue
Sunnyvale, CA 94085
United States",Technology,Software - Infrastructure,"20,300",,29.2,3.3,4.2,6.9,None Controversy Level,N/A,10th percentile,Low
SYF,Synchrony Financial,"777 Long Ridge Road
Stamford, CT 06902
United States",Financial Services,Credit Services,"20,000",,29.2,0.1,7.3,9.9,Moderate Controversy Level,2,18th percentile,Low
SMCI,"Super Micro Computer, Inc.","980 Rock Avenue
San Jose, CA 95131
United States",Technology,Computer Hardware,"5,126",,29.2,,,,,,,
SYK,Stryker Corporation,"1941 Stryker Way
Portage, MI 49002
United States",Healthcare,Medical Devices,"52,000",,29.2,4,11,13.2,Moderate Controversy Level,2,62nd percentile,Medium
STE,Steris Plc,"5960 Heisley Road
Mentor, OH 44060
United States",Healthcare,Medical Devices,"18,000",,29.2,,,,,,,
STLD,Steel Dynamics Inc,"7575 West Jefferson Boulevard
Fort Wayne, IN 46804
United States",Basic Materials,Steel,"12,600",,29.2,10.6,8.1,14.4,Low Controversy Level,1,78th percentile,High
STT,State Street Corporation,"One Congress Street
Boston, MA 02114-2016
United States",Financial Services,Asset Management,"45,871",,29.2,1.6,9.5,12.9,Low Controversy Level,1,45th percentile,Medium
SBUX,Starbucks Corp,"2401 Utah Avenue South
Seattle, WA 98134
United States",Consumer Cyclical,Restaurants,"3,81,000",,29.2,5.8,4.3,14.6,Significant Controversy Level,3,48th percentile,Medium
SWK,"Stanley Black & Decker, Inc.","1000 Stanley Drive
New Britain, CT 06053
United States",Industrials,Tools & Accessories,"50,000",,29.2,5,7.8,12.5,Moderate Controversy Level,2,50th percentile,Medium
LUV,Southwest Airlines Co.,"P.O. Box 36611
Dallas, TX 75235-1611
United States",Industrials,Airlines,"74,695",,29.2,11,5.9,13.7,Moderate Controversy Level,2,71st percentile,High
SOLV,Solventum Corporation,"3M Center
Building 275-6W 2510 Conway Avenue East
Saint Paul, MN 55144
United States",Healthcare,Health Information Services,"22,000",,29.2,,,,,,,
SNA,Snap-on Incorporated,"2801 80th Street
Kenosha, WI 53143
United States",Industrials,Tools & Accessories,"13,200",,29.2,9,7.6,13.9,Moderate Controversy Level,2,71st percentile,High
SWKS,Skyworks Solutions Inc,"5260 California Avenue
Irvine, CA 92617
United States",Technology,Semiconductors,"9,750",,29.2,11.8,7.2,8.9,Low Controversy Level,1,61st percentile,Medium
SPG,"Simon Property Group, Inc.","225 West Washington Street
Indianapolis, IN 46204-3438
United States",Real Estate,REIT - Retail,"2,500",,29.2,3.8,6.2,4,Low Controversy Level,1,9th percentile,Low
NOW,"Servicenow, Inc.","2225 Lawson Lane
Santa Clara, CA 95054
United States",Technology,Software - Application,"22,668",,29.2,4,6.6,6,None Controversy Level,N/A,16th percentile,Low
SRE,Sempra,"488 8th Avenue
San Diego, CA 92101
United States",Utilities,Utilities - Diversified,"16,835",,29.2,10.9,4.9,7.8,Moderate Controversy Level,2,43rd percentile,Medium
STX,Seagate Technology Holdings Plcs,"38/39 Fitzwilliam Square
Dublin 2
Dublin, D02 NX53
Ireland",Technology,Computer Hardware,"33,400",,29.2,1.6,5.3,3.8,Low Controversy Level,1,2nd percentile,Low
SLB,Schlumberger Limited,"5599 San Felipe
17th Floor
Houston, TX 77056
United States",Energy,Oil & Gas Equipment & Services,"1,11,000",,29.2,8.1,5.9,6.3,Low Controversy Level,1,29th percentile,Medium
SBAC,Sba Communications Corp,"8051 Congress Avenue
Boca Raton, FL 33487-1307
United States",Real Estate,REIT - Specialty,"1,787",,29.2,3.1,5.2,3.2,None Controversy Level,N/A,4th percentile,Low
CRM,"Salesforce, Inc.","Salesforce Tower
3rd Floor 415 Mission Street
San Francisco, CA 94105
United States",Technology,Software - Application,"72,682",,29.2,2,5.4,7.5,Low Controversy Level,1,11th percentile,Low
SPGI,S&p Global Inc.,"55 Water Street
New York, NY 10041
United States",Financial Services,Financial Data & Stock Exchanges,"40,450",,29.2,0,6.8,6.2,Low Controversy Level,1,7th percentile,Low
RTX,Rtx Corporation,"1000 Wilson Boulevard
Arlington, VA 22209
United States",Industrials,Aerospace & Defense,"1,85,000",,29.2,,,,,,,
RCL,Royal Caribbean Group,"1050 Caribbean Way
Miami, FL 33132-2096
United States",Consumer Cyclical,Travel Services,"98,100",,29.2,8.1,4.9,7.7,Significant Controversy Level,3,31st percentile,Medium
ROST,Ross Stores Inc,"5130 Hacienda Drive
Dublin, CA 94568-7579
United States",Consumer Cyclical,Apparel Retail,"1,08,000",,29.2,1.8,5.7,10.8,Moderate Controversy Level,2,21st percentile,Low
ROP,"Roper Technologies, Inc.","6496 University Parkway
Sarasota, FL 34240
United States",Technology,Software - Application,"16,800",,29.2,4.7,6.1,9.7,None Controversy Level,N/A,30th percentile,Medium
ROL,"Rollins, Inc.","2170 Piedmont Road, NE
Atlanta, GA 30324
United States",Consumer Cyclical,Personal Services,"19,000",,29.2,1.8,6.9,10.6,Low Controversy Level,1,26th percentile,Low
ROK,"Rockwell Automation, Inc.","1201 South Second Street
Milwaukee, WI 53204
United States",Industrials,Specialty Industrial Machinery,"29,000",,29.2,5.4,5.7,6.6,Moderate Controversy Level,2,19th percentile,Low
RHI,Robert Half Inc.,"2884 Sand Hill Road
Suite 200
Menlo Park, CA 94025
United States",Industrials,Staffing & Employment Services,"15,000",,29.2,0.1,3.4,7.4,Low Controversy Level,1,3rd percentile,Low
RVTY,"Revvity, Inc.","940 Winter Street
Waltham, MA 02451
United States",Healthcare,Diagnostics & Research,"11,000",,29.2,0.8,5.8,10.1,Moderate Controversy Level,2,16th percentile,Low
RMD,Resmed Inc.,"9001 Spectrum Center Boulevard
San Diego, CA 92123
United States",Healthcare,Medical Instruments & Supplies,,,29.2,3.5,10.4,12.4,Low Controversy Level,1,55th percentile,Medium
RSG,Republic Services Inc.,"18500 North Allied Way
Phoenix, AZ 85054
United States",Industrials,Waste Management,"41,000",,29.2,11.2,3.7,6,Significant Controversy Level,3,31st percentile,Medium
RF,Regions Financial Corp.,"1900 Fifth Avenue North
Birmingham, AL 35203
United States",Financial Services,Banks - Regional,"20,101",,29.2,1.8,8.4,6.7,Moderate Controversy Level,2,17th percentile,Low
REGN,Regeneron Pharmaceuticals Inc,"777 Old Saw Mill River Road
Tarrytown, NY 10591-6707
United States",Healthcare,Biotechnology,"13,677",,29.2,0.3,6.7,11,Moderate Controversy Level,2,21st percentile,Low
REG,Regency Centers Corporation,"One Independent Drive
Suite 114
Jacksonville, FL 32202-5019
United States",Real Estate,REIT - Retail,492,,29.2,3.7,4.8,3.2,None Controversy Level,N/A,5th percentile,Low
O,Realty Income Corporation,"11995 El Camino Real
San Diego, CA 92130
United States",Real Estate,REIT - Retail,418,,29.2,4.4,5.7,5.3,Moderate Controversy Level,2,13th percentile,Low
RJF,"Raymond James Financial, Inc.","880 Carillon Parkway
Saint Petersburg, FL 33716
United States",Financial Services,Capital Markets,"18,000",,29.2,2.3,13.4,11.2,Moderate Controversy Level,2,57th percentile,Medium
RL,Ralph Lauren Corporation,"650 Madison Avenue
New York, NY 10022
United States",Consumer Cyclical,Apparel Manufacturing,"14,800",,29.2,1.2,5.6,7.8,Moderate Controversy Level,2,10th percentile,Low
DGX,Quest Diagnostics Inc.,"500 Plaza Drive
Secaucus, NJ 07094
United States",Healthcare,Diagnostics & Research,"50,000",,29.2,0.1,8,13.1,Significant Controversy Level,3,33rd percentile,Medium
PWR,"Quanta Services, Inc.","2727 North Loop West
Houston, TX 77008
United States",Industrials,Engineering & Construction,"52,500",,29.2,12.1,9,15.7,Moderate Controversy Level,2,88th percentile,High
QCOM,Qualcomm Inc,"5775 Morehouse Drive
San Diego, CA 92121-1714
United States",Technology,Semiconductors,"50,000",,29.2,5.3,5.6,4.5,Significant Controversy Level,3,12th percentile,Low
QRVO,"Qorvo, Inc.","7628 Thorndike Road
Greensboro, NC 27409-9421
United States",Technology,Semiconductors,"8,700",,29.2,12.3,7.7,8.5,None Controversy Level,N/A,63rd percentile,Medium
PHM,"Pultegroup, Inc.","3350 Peachtree Road NE
Suite 1500
Atlanta, GA 30326
United States",Consumer Cyclical,Residential Construction,"6,382",,29.2,9.2,4.9,7.3,Moderate Controversy Level,2,34th percentile,Medium
PSA,Public Storage,"701 Western Avenue
2nd Floor
Glendale, CA 91201-2349
United States",Real Estate,REIT - Industrial,"6,200",,29.2,4.7,5.7,2.6,Low Controversy Level,1,7th percentile,Low
PEG,Public Service Enterprise Group Incorporated,"80 Park Plaza
Newark, NJ 07102
United States",Utilities,Utilities - Regulated Electric,"12,543",,29.2,12.5,5.5,9.3,Moderate Controversy Level,2,58th percentile,Medium
PTC,"Ptc, Inc","121 Seaport Boulevard
Boston, MA 02210
United States",Technology,Software - Application,"7,438",,29.2,4.9,5.4,8.6,None Controversy Level,N/A,24th percentile,Low
PRU,"Prudential Financial, Inc.","751 Broad Street
Newark, NJ 07102
United States",Financial Services,Insurance - Life,"40,366",,29.2,0.6,9.3,10,Low Controversy Level,1,28th percentile,Low
PLD,"Prologis, Inc.","Pier 1, Bay 1
San Francisco, CA 94111
United States",Real Estate,REIT - Industrial,"2,574",,29.2,2.7,5,2.5,Low Controversy Level,1,3rd percentile,Low
PGR,Progressive Corporation,"6300 Wilson Mills Road
Mayfield, OH 44143
United States",Financial Services,Insurance - Property & Casualty,"61,432",,29.2,1.5,10.1,8.5,Moderate Controversy Level,2,28th percentile,Medium
PG,Procter & Gamble Company,"One Procter & Gamble Plaza
Cincinnati, OH 45202
United States",Consumer Defensive,Household & Personal Products,"1,07,000",,29.2,9.6,6.7,12.2,Significant Controversy Level,3,63rd percentile,Medium
PFG,"Principal Financial Group, Inc.","711 High Street
Des Moines, IA 50392
United States",Financial Services,Asset Management,"19,800",,29.2,0.8,7.6,5.8,Low Controversy Level,1,9th percentile,Low
PPL,Ppl Corporation,"Two North Ninth Street
Allentown, PA 18101-1179
United States",Utilities,Utilities - Regulated Electric,"6,629",,29.2,17.1,5.3,8.9,Moderate Controversy Level,2,74th percentile,High
PPG,"Ppg Industries, Inc.","One PPG Place
Pittsburgh, PA 15272
United States",Basic Materials,Specialty Chemicals,"50,000",,29.2,11,6.5,7.7,Moderate Controversy Level,2,50th percentile,Medium
POOL,Pool Corporation,"109 Northpark Boulevard
Covington, LA 70433-5001
United States",Industrials,Industrial Distribution,"6,000",,29.2,,,,,,,
PNC,Pnc Financial Services Group,"The Tower at PNC Plaza
300 Fifth Avenue
Pittsburgh, PA 15222-2401
United States",Financial Services,Banks - Regional,"54,441",,29.2,1.9,10.8,13.3,Significant Controversy Level,3,53rd percentile,Medium
PNW,Pinnacle West Capital Corporation,"400 North Fifth Street
PO Box 53999
Phoenix, AZ 85072-3999
United States",Utilities,Utilities - Regulated Electric,"6,133",,29.2,14.7,5.8,10.2,Low Controversy Level,1,72nd percentile,High
PSX,Phillips 66,"2331 CityWest Boulevard
Houston, TX 77042
United States",Energy,Oil & Gas Refining & Marketing,"14,000",,29.2,20.8,5.8,8.8,Significant Controversy Level,3,84th percentile,High
PM,Philip Morris International Inc.,"677 Washington Boulevard
Suite 1100
Stamford, CT 06901
United States",Consumer Defensive,Tobacco,"82,700",,29.2,3.4,11.5,13.5,Significant Controversy Level,3,63rd percentile,Medium
PCG,Pg&e Corporation,"300 Lakeside Drive
Oakland, CA 94612
United States",Utilities,Utilities - Regulated Electric,"28,010",,29.2,9.6,5.4,15.4,High Controversy Level,4,70th percentile,High
PFE,Pfizer Inc.,"66 Hudson Boulevard East
New York, NY 10001-2192
United States",Healthcare,Drug Manufacturers - General,"88,000",,29.2,2.1,9.6,12.9,Significant Controversy Level,3,47th percentile,Medium
PEP,"Pepsico, Inc.","700 Anderson Hill Road
Purchase, NY 10577
United States",Consumer Defensive,Beverages - Non-Alcoholic,"3,18,000",,29.2,7.3,5.2,9.6,Significant Controversy Level,3,36th percentile,Medium
PNR,Pentair Plc,"Regal House
70 London Road Twickenham
London, TW13 QS
United Kingdom",Industrials,Specialty Industrial Machinery,"10,500",,29.2,6,6.1,10,Low Controversy Level,1,36th percentile,Medium
PYPL,"Paypal Holdings, Inc.","2211 North First Street
San Jose, CA 95131
United States",Financial Services,Credit Services,"27,200",,29.2,2.8,5.8,9.2,Moderate Controversy Level,2,20th percentile,Low
PAYC,"Paycom Software, Inc.","7501 West Memorial Road
Oklahoma City, OK 73142
United States",Technology,Software - Application,"7,308",,29.2,,,,,,,
PAYX,Paychex Inc,"911 Panorama Trail South
Rochester, NY 14625-2396
United States",Industrials,Staffing & Employment Services,"16,000",,29.2,3.2,6.4,7.2,Low Controversy Level,1,16th percentile,Low
PH,Parker-Hannifin Corporation,"6035 Parkland Boulevard
Cleveland, OH 44124-4141
United States",Industrials,Specialty Industrial Machinery,"62,730",,29.2,9.5,6.2,13.8,Moderate Controversy Level,2,67th percentile,Medium
PARA,Paramount Global Class B,"1515 Broadway
New York, NY 10036
United States",Communication Services,Entertainment,"21,900",,29.2,0.1,7.4,7.5,Significant Controversy Level,3,11th percentile,Low
PANW,"Palo Alto Networks, Inc.","3000 Tannery Way
Santa Clara, CA 95054
United States",Technology,Software - Infrastructure,"15,166",,29.2,0.7,5.6,7.6,Low Controversy Level,1,9th percentile,Low
PKG,Packaging Corp of America,"1 North Field Court
Lake Forest, IL 60045
United States",Consumer Cyclical,Packaging & Containers,"14,900",,29.2,14,3.6,1.1,Low Controversy Level,1,23rd percentile,Low
PCAR,Paccar Inc,"777 - 106th Avenue N.E.
Bellevue, WA 98004
United States",Industrials,Farm & Heavy Construction Machinery,"32,400",,29.2,8.4,8.3,11,Significant Controversy Level,3,60th percentile,Medium
OTIS,Otis Worldwide Corporation,"One Carrier Place
Farmington, CT 06032
United States",Industrials,Specialty Industrial Machinery,"71,000",,29.2,,,,,,,
ORCL,Oracle Corp,"2300 Oracle Way
Austin, TX 78741
United States",Technology,Software - Infrastructure,"1,64,000",,29.2,0.5,5.6,7.8,Moderate Controversy Level,2,9th percentile,Low
OKE,"Oneok, Inc.","100 West Fifth Street
Tulsa, OK 74103
United States",Energy,Oil & Gas Midstream,"4,775",,29.2,10.8,3.3,11,Low Controversy Level,1,50th percentile,Medium
ON,On Semiconductor Corp,"5701 North Pima Road
Scottsdale, AZ 85250
United States",Technology,Semiconductors,"30,000",,29.2,11.8,4.9,5.7,Low Controversy Level,1,38th percentile,Medium
OMC,Omnicom Group Inc.,"280 Park Avenue
New York, NY 10017
United States",Communication Services,Advertising Agencies,"75,900",,29.2,0.1,6.9,9.3,Low Controversy Level,1,15th percentile,Low
ODFL,Old Dominion Freight Line,"500 Old Dominion Way
Thomasville, NC 27360
United States",Industrials,Trucking,"22,891",,29.2,,,,,,,
OXY,Occidental Petroleum Corporation,"5 Greenway Plaza
Suite 110
Houston, TX 77046-0521
United States",Energy,Oil & Gas E&P,"12,570",,29.2,25,7,9.7,Moderate Controversy Level,2,93rd percentile,Severe
ORLY,"O'reilly Automotive, Inc.","233 South Patterson Avenue
Springfield, MO 65802-2298
United States",Consumer Cyclical,Specialty Retail,"90,601",,29.2,0.1,3.8,8.1,Low Controversy Level,1,5th percentile,Low
NXPI,Nxp Semiconductors N.v.,"60 High Tech Campus
Eindhoven, 5656 AG
Netherlands",Technology,Semiconductors,"34,200",,29.2,8.6,5.8,5.4,Low Controversy Level,1,27th percentile,Low
NVR,"Nvr, Inc.","Plaza America Tower I
Suite 500 11700 Plaza America Drive
Reston, VA 20190
United States",Consumer Cyclical,Residential Construction,"6,300",,29.2,7.2,5.2,7.8,Low Controversy Level,1,29th percentile,Medium
NVDA,Nvidia Corp,"2788 San Tomas Expressway
Santa Clara, CA 95051
United States",Technology,Semiconductors,"29,600",,29.2,2.3,6.3,4.9,Moderate Controversy Level,2,8th percentile,Low
NUE,Nucor Corporation,"1915 Rexford Road
Charlotte, NC 28211
United States",Basic Materials,Steel,"32,000",,29.2,9.3,8.8,14.7,Moderate Controversy Level,2,78th percentile,High
NRG,"Nrg Energy, Inc.","910 Louisiana Street
Houston, TX 77002
United States",Utilities,Utilities - Independent Power Producers,"18,131",,29.2,16.8,5.7,9.5,Moderate Controversy Level,2,75th percentile,High
NCLH,Norwegian Cruise Line Holdings Ltd.s,"7665 Corporate Center Drive
Miami, FL 33126
United States",Consumer Cyclical,Travel Services,"41,000",,29.2,9,6.1,10.9,Moderate Controversy Level,2,53rd percentile,Medium
NOC,Northrop Grumman Corp.,"2980 Fairview Park Drive
Falls Church, VA 22042
United States",Industrials,Aerospace & Defense,"1,01,000",,29.2,7.8,5.4,14.4,Moderate Controversy Level,2,59th percentile,Medium
NTRS,Northern Trust Corp,"50 South La Salle Street
Chicago, IL 60603
United States",Financial Services,Asset Management,"23,000",,29.2,1.9,10.2,11.8,Moderate Controversy Level,2,44th percentile,Medium
NSC,Norfolk Southern Corp.,"650 West Peachtree Street NW
Atlanta, GA 30308-1925
United States",Industrials,Railroads,"20,700",,29.2,8,5.4,10.5,Significant Controversy Level,3,44th percentile,Medium
NDSN,Nordson Corp,"28601 Clemens Road
Westlake, OH 44145-4551
United States",Industrials,Specialty Industrial Machinery,"7,700",,29.2,8.2,5.1,11.6,Low Controversy Level,1,49th percentile,Medium
NI,Nisource Inc.,"801 East 86th Avenue
Merrillville, IN 46410
United States",Utilities,Utilities - Regulated Gas,"7,364",,29.2,12,4.9,9.2,Significant Controversy Level,3,53rd percentile,Medium
NKE,"Nike, Inc.","One Bowerman Drive
Beaverton, OR 97005-6453
United States",Consumer Cyclical,Footwear & Accessories,"83,700",,29.2,3,6.7,10,Significant Controversy Level,3,27th percentile,Low
NEE,"Nextra Energy, Inc.","700 Universe Boulevard
Juno Beach, FL 33408
United States",Utilities,Utilities - Regulated Electric,"16,800",,29.2,9.4,5.6,8.3,Moderate Controversy Level,2,41st percentile,Medium
NWS,News Corporation Class B,"1211 Avenue of the Americas
New York, NY 10036
United States",Communication Services,Entertainment,"25,000",,29.2,,,,,,,
NWSA,News Corporation Class A,"1211 Avenue of the Americas
New York, NY 10036
United States",Communication Services,Entertainment,"25,000",,29.2,0,6.7,4.7,Moderate Controversy Level,2,4th percentile,Low
NEM,Newmont Corporation,"6900 E Layton Avenue
Suite 700
Denver, CO 80237
United States",Basic Materials,Gold,"21,700",,29.2,7.1,5.2,8.2,Significant Controversy Level,3,30th percentile,Medium
NFLX,Netflix Inc,"121 Albright Way
Los Gatos, CA 95032
United States",Communication Services,Entertainment,"13,000",,29.2,0.1,9,7.3,Moderate Controversy Level,2,15th percentile,Low
NTAP,"Netapp, Inc","3060 Olsen Drive
San Jose, CA 95128
United States",Technology,Computer Hardware,,,29.2,2.2,5.5,7.7,Low Controversy Level,1,12th percentile,Low
NDAQ,"Nasdaq, Inc.","151 West 42nd Street
New York, NY 10036
United States",Financial Services,Financial Data & Stock Exchanges,"8,568",,29.2,0,7.4,5.6,Low Controversy Level,1,7th percentile,Low
MSCI,"Msci, Inc.","7 World Trade Center
49th Floor 250 Greenwich Street
New York, NY 10007
United States",Financial Services,Financial Data & Stock Exchanges,"5,858",,29.2,1.6,7.7,7,Low Controversy Level,1,15th percentile,Low
MSI,"Motorola Solutions, Inc.","500 West Monroe Street
Suite 4400
Chicago, IL 60661
United States",Technology,Communication Equipment,"21,000",,29.2,2.3,5.8,5.1,Low Controversy Level,1,7th percentile,Low
MS,Morgan Stanley,"1585 Broadway
New York, NY 10036
United States",Financial Services,Capital Markets,"80,000",,29.2,1.1,10.5,12.9,Moderate Controversy Level,2,47th percentile,Medium
MCO,Moody's Corporation,"7 World Trade Center
250 Greenwich Street
New York, NY 10007
United States",Financial Services,Financial Data & Stock Exchanges,"15,439",,29.2,1.6,8.1,6.1,Moderate Controversy Level,2,14th percentile,Low
MNST,Monster Beverage Corporation,"1 Monster Way
Corona, CA 92879
United States",Consumer Defensive,Beverages - Non-Alcoholic,"5,254",,29.2,12.1,5.1,12,Moderate Controversy Level,2,66th percentile,Medium
MPWR,"Monolithic Power Systems, Inc.","5808 Lake Washington Boulevard NE
Kirkland, WA 98033
United States",Technology,Semiconductors,"3,564",,29.2,,,,,,,
MDLZ,"Mondelez International, Inc. Class A","905 West Fulton Market
Suite 200
Chicago, IL 60607
United States",Consumer Defensive,Confectioners,"91,000",,29.2,7.2,5.4,9.4,Significant Controversy Level,3,36th percentile,Medium
TAP,Molson Coors Beverage Company Class B,"PO Box 4030
BC555
Golden, CO 80401
United States",Consumer Defensive,Beverages - Brewers,"16,500",,29.2,7.3,5.5,8.6,Moderate Controversy Level,2,33rd percentile,Medium
MOH,"Molina Healthcare, Inc.","200 Oceangate
Suite 100
Long Beach, CA 90802
United States",Healthcare,Healthcare Plans,"18,000",,29.2,,,,,,,
MHK,"Mohawk Industries, Inc.","160 South Industrial Boulevard
Calhoun, GA 30701
United States",Consumer Cyclical,"Furnishings, Fixtures & Appliances","43,300",,29.2,5.8,4.2,4.2,Moderate Controversy Level,2,9th percentile,Low
MRNA,"Moderna, Inc.","200 Technology Square
Cambridge, MA 02139
United States",Healthcare,Biotechnology,"5,600",,29.2,,,,,,,
MAA,"Mid-America Apartment Communities, Inc.","6815 Poplar Avenue
Suite 500
Germantown, TN 38138-3606
United States",Real Estate,REIT - Residential,"2,427",,29.2,3.9,6.3,3,Low Controversy Level,1,7th percentile,Low
MSFT,Microsoft Corp,"One Microsoft Way
Redmond, WA 98052-6399
United States",Technology,Software - Infrastructure,"2,21,000",,29.2,1.5,6.1,7.5,Significant Controversy Level,3,11th percentile,Low
MU,"Micron Technology, Inc.","8000 South Federal Way
Boise, ID 83716-9632
United States",Technology,Semiconductors,"43,000",,29.2,7.2,5.5,5.5,Moderate Controversy Level,2,21st percentile,Low
MCHP,Microchip Technology Inc,"2355 West Chandler Boulevard
Chandler, AZ 85224-6199
United States",Technology,Semiconductors,"22,300",,29.2,15.3,7.4,9.2,Low Controversy Level,1,75th percentile,High
MGM,Mgm Resorts International,"3600 Las Vegas Boulevard South
Las Vegas, NV 89109
United States",Consumer Cyclical,Resorts & Casinos,"58,000",,29.2,1.3,10.5,13,Moderate Controversy Level,2,48th percentile,Medium
MTD,Mettler-Toledo International,"1900 Polaris Parkway
Columbus, OH 43240
United States",Healthcare,Diagnostics & Research,"16,000",,29.2,1,4.7,7.4,None Controversy Level,N/A,7th percentile,Low
MET,"Metlife, Inc.","200 Park Avenue
New York, NY 10166-0188
United States",Financial Services,Insurance - Life,"45,000",,29.2,0.7,8.8,7,Moderate Controversy Level,2,15th percentile,Low
META,"Meta Platforms, Inc. Class A","1 Meta Way
Menlo Park, CA 94025
United States",Communication Services,Internet Content & Information,"69,329",,29.2,2.7,10.3,21.1,High Controversy Level,4,81st percentile,High
MRK,"Merck & Co., Inc.","126 East Lincoln Avenue
Rahway, NJ 07065
United States",Healthcare,Drug Manufacturers - General,"70,000",,29.2,1.9,8.9,10.6,Significant Controversy Level,3,34th percentile,Medium
MDT,Medtronic Plc,"20 On Hatch
Lower Hatch Street
Dublin, 2
Ireland",Healthcare,Medical Devices,"95,000",,29.2,1.8,7.6,13.4,Significant Controversy Level,3,39th percentile,Medium
MCK,Mckesson Corporation,"6555 State Highway 161
Irving, TX 75039
United States",Healthcare,Medical Distribution,"45,000",,29.2,1.6,6.3,7.3,Significant Controversy Level,3,12th percentile,Low
MCD,Mcdonald's Corporation,"110 North Carpenter Street
Chicago, IL 60607
United States",Consumer Cyclical,Restaurants,"1,00,000",,29.2,7.6,5.8,12.6,Significant Controversy Level,3,53rd percentile,Medium
MKC,"Mccormick & Company, Incorporated Non-Vtg Cs","24 Schilling Road
Suite 1
Hunt Valley, MD 21031
United States",Consumer Defensive,Packaged Foods,"13,800",,29.2,9.6,5.3,11.1,Moderate Controversy Level,2,53rd percentile,Medium
MTCH,"Match Group, Inc","8750 North Central Expressway
Suite 1400
Dallas, TX 75231
United States",Communication Services,Internet Content & Information,"2,600",,29.2,,,,,,,
MA,Mastercard Incorporated,"2000 Purchase Street
Purchase, NY 10577
United States",Financial Services,Credit Services,"33,400",,29.2,2.2,8.3,6.7,High Controversy Level,4,17th percentile,Low
MAS,Masco Corporation,"17450 College Parkway
Livonia, MI 48152
United States",Industrials,Building Products & Equipment,"18,000",,29.2,9.7,6.8,5.6,Low Controversy Level,1,37th percentile,Medium
MLM,Martin Marietta Materials,"4123 Parklake Avenue
Raleigh, NC 27612
United States",Basic Materials,Building Materials,"9,400",,29.2,16.7,8.7,4.8,Moderate Controversy Level,2,69th percentile,High
MMC,"Marsh & Mclennan Companies, Inc.","1166 Avenue of the Americas
New York, NY 10036-2774
United States",Financial Services,Insurance Brokers,"85,000",,29.2,0.1,9.7,11.3,Moderate Controversy Level,2,32nd percentile,Medium
MAR,Marriot International Class A,"7750 Wisconsin Avenue
Bethesda, MD 20814
United States",Consumer Cyclical,Lodging,"4,11,000",,29.2,8.6,3.7,9.2,Significant Controversy Level,3,34th percentile,Medium
MKTX,Marketaxess Holdings Inc.,"55 Hudson Yards
15th Floor
New York, NY 10001
United States",Financial Services,Capital Markets,881,,29.2,,,,,,,
MPC,Marathon Petroleum Corporation,"539 South Main Street
Findlay, OH 45840-3229
United States",Energy,Oil & Gas Refining & Marketing,"18,200",,29.2,17.1,5.3,8.1,Significant Controversy Level,3,71st percentile,High
MRO,Marathon Oil Corporation,"990 Town and Country Boulevard
Houston, TX 77024-2217
United States",Energy,Oil & Gas E&P,"1,681",,29.2,21.1,7.6,9.1,Moderate Controversy Level,2,89th percentile,High
MTB,M&t Bank Corp.,"One M&T Plaza
Buffalo, NY 14203
United States",Financial Services,Banks - Regional,"21,927",,29.2,2.6,13.6,10.3,Low Controversy Level,1,55th percentile,Medium
LYB,Lyondellbasell Industries N.v. Class A,"LyondellBasell Tower
Suite 300 1221 McKinney Street
Houston, TX 77010
United States",Basic Materials,Specialty Chemicals,"20,000",,29.2,13.5,5.1,2.1,Moderate Controversy Level,2,31st percentile,Medium
LULU,Lululemon Athletica Inc.,"1818 Cornwall Avenue
Vancouver, BC V6J 1C7
Canada",Consumer Cyclical,Apparel Retail,"38,000",,29.2,1.6,5.5,9.9,Moderate Controversy Level,2,17th percentile,Low
LOW,Lowe's Companies Inc.,"1000 Lowe’s Boulevard
Mooresville, NC 28117
United States",Consumer Cyclical,Home Improvement Retail,"3,00,000",,29.2,3.3,3.2,5.3,Moderate Controversy Level,2,5th percentile,Low
L,Loews Corporation,"9 West 57th Street
New York, NY 10019-2714
United States",Financial Services,Insurance - Property & Casualty,"12,280",,29.2,0.6,11.5,4.3,Moderate Controversy Level,2,15th percentile,Low
LMT,Lockheed Martin Corp.,"6801 Rockledge Drive
Bethesda, MD 20817
United States",Industrials,Aerospace & Defense,"1,22,000",,29.2,8,7.1,15.1,Significant Controversy Level,3,70th percentile,High
LKQ,Lkq Corporation,"500 West Madison Street
Suite 2800
Chicago, IL 60661
United States",Consumer Cyclical,Auto Parts,"49,000",,29.2,3.8,3.3,4,Moderate Controversy Level,2,4th percentile,Low
LYV,Live Nation Entertainment Inc.,"9348 Civic Center Drive
Beverly Hills, CA 90210
United States",Communication Services,Entertainment,"14,700",,29.2,,,,,,,
LIN,Linde Plc,"Forge, 43 Church Street West
Woking, GU21 6HT
United Kingdom",Basic Materials,Specialty Chemicals,"66,195",,29.2,,,,,,,
LEN,Lennar Corporation Class A,"5505 Waterford District Drive
Miami, FL 33126
United States",Consumer Cyclical,Residential Construction,"12,284",,29.2,11.3,5.6,8.6,Moderate Controversy Level,2,51st percentile,Medium
LDOS,"Leidos Holdings, Inc.","1750 Presidents Street
Reston, VA 20190
United States",Technology,Information Technology Services,"47,000",,29.2,3.4,5.3,9,Moderate Controversy Level,2,19th percentile,Low
LVS,Las Vegas Sands Corp.,"5500 Haven Street
Las Vegas, NV 89119
United States",Consumer Cyclical,Resorts & Casinos,"38,400",,29.2,2.3,8.7,7.7,Moderate Controversy Level,2,23rd percentile,Low
LW,"Lamb Weston Holdings, Inc.","599 South Rivershore Lane
Eagle, ID 83616
United States",Consumer Defensive,Packaged Foods,"10,200",,29.2,,,,,,,
LRCX,Lam Research Corp,"4650 Cushing Parkway
Fremont, CA 94538
United States",Technology,Semiconductor Equipment & Materials,"17,200",,29.2,4.5,5.1,4,Low Controversy Level,1,8th percentile,Low
LH,Labcorp Holdings Inc.,"358 South Main Street
Burlington, NC 27215
United States",Healthcare,Diagnostics & Research,"67,000",,29.2,0.4,6.6,12.7,Moderate Controversy Level,2,27th percentile,Low
LHX,"L3harris Technologies, Inc.","1025 West NASA Boulevard
Melbourne, FL 32919
United States",Industrials,Aerospace & Defense,"50,000",,29.2,,,,,,,
KLAC,Kla Corporation,"One Technology Drive
Milpitas, CA 95035
United States",Technology,Semiconductor Equipment & Materials,"15,000",,29.2,7.4,4.6,5.1,None Controversy Level,N/A,18th percentile,Low
KMI,"Kinder Morgan, Inc.","1001 Louisiana Street
Suite 1000
Houston, TX 77002
United States",Energy,Oil & Gas Midstream,"10,891",,29.2,8.3,3.5,7.2,Moderate Controversy Level,2,24th percentile,Low
KIM,Kimco Realty Corp.,"500 North Broadway
Suite 201
Jericho, NY 11753-2128
United States",Real Estate,REIT - Retail,660,,29.2,2.3,6,2.6,None Controversy Level,N/A,4th percentile,Low
KMB,Kimberly-Clark Corp.,"PO Box 619100
Dallas, TX 75261-9100
United States",Consumer Defensive,Household & Personal Products,"41,000",,29.2,10.4,7.6,10.4,Moderate Controversy Level,2,63rd percentile,Medium
KEYS,"Keysight Technologies, Inc.","1400 Fountaingrove Parkway
Santa Rosa, CA 95403-1738
United States",Technology,Scientific & Technical Instruments,"15,400",,29.2,1.2,4.7,1.8,Low Controversy Level,1,1st percentile,Negligible
KEY,Keycorp,"127 Public Square
Cleveland, OH 44114-1306
United States",Financial Services,Banks - Regional,"16,752",,29.2,1.6,10.7,9.2,Low Controversy Level,1,34th percentile,Medium
KDP,Keurig Dr Pepper Inc.,"53 South Avenue
Burlington, MA 01803
United States",Consumer Defensive,Beverages - Non-Alcoholic,"28,100",,29.2,,,,,,,
KVUE,Kenvue Inc.,"199 Grandview Road
Skillman, NJ 08558
United States",Consumer Defensive,Household & Personal Products,"22,000",,29.2,,,,,,,
K,Kellanova,"412 North Wells Street
Chicago, IL 60654
United States",Consumer Defensive,Packaged Foods,"23,000",,29.2,10.6,4.4,13.4,Moderate Controversy Level,2,63rd percentile,Medium
JNPR,Juniper Networks Inc,"1133 Innovation Way
Sunnyvale, CA 94089
United States",Technology,Communication Equipment,"11,144",,29.2,1.8,5.8,7.2,Low Controversy Level,1,11th percentile,Low
JPM,Jpmorgan Chase & Co.,"383 Madison Avenue
New York, NY 10179
United States",Financial Services,Banks - Diversified,"3,11,921",,29.2,1.1,11.7,16.5,Significant Controversy Level,3,66th percentile,Medium
JCI,Johnson Controls International Plc,"One Albert Quay
Cork, T12 X8N6
Ireland",Industrials,Building Products & Equipment,"1,00,000",,29.2,4.5,5.4,4.6,Significant Controversy Level,3,10th percentile,Low
JNJ,Johnson & Johnson,"One Johnson & Johnson Plaza
New Brunswick, NJ 08933
United States",Healthcare,Drug Manufacturers - General,"1,31,900",,29.2,0.9,8,15,High Controversy Level,4,45th percentile,Medium
JBHT,Jb Hunt Transport Services Inc,"615 J.B. Hunt Corporate Drive
Lowell, AR 72745-0130
United States",Industrials,Integrated Freight & Logistics,"34,718",,29.2,3.3,5,6.6,Low Controversy Level,1,11th percentile,Low
J,Jacobs Solutions Inc.,"1999 Bryan Street
Suite 3500
Dallas, TX 75201
United States",Industrials,Engineering & Construction,"60,000",,29.2,5.3,5.6,11.5,Significant Controversy Level,3,34th percentile,Medium
JBL,Jabil Inc.,"10800 Roosevelt Boulevard North, St.
Saint Petersburg, FL 33716
United States",Technology,Electronic Components,"2,36,000",,29.2,,,,,,,
IRM,Iron Mountain Inc.,"85 New Hampshire Avenue
Suite 150
Portsmouth, NH 03801
United States",Real Estate,REIT - Specialty,"27,000",,29.2,5,5.8,3.7,Moderate Controversy Level,2,10th percentile,Low
IQV,Iqvia Holdings Inc.,"2400 Ellis Road
Durham, NC 27703
United States",Healthcare,Diagnostics & Research,"87,000",,29.2,1.3,7.2,10.6,Moderate Controversy Level,2,25th percentile,Low
INVH,Invitation Homes Inc.,"1717 Main Street
Suite 2000
Dallas, TX 75201-4657
United States",Real Estate,REIT - Residential,"1,555",,29.2,,,,,,,
IVZ,Invesco Ltd,"Midtown Union
1331 Spring Street, North West
Atlanta, GA 30309
United States",Financial Services,Asset Management,"8,527",,29.2,0.7,11,11,Moderate Controversy Level,2,39th percentile,Medium
ISRG,Intuitive Surgical Inc.,"1020 Kifer Road
Sunnyvale, CA 94086-5304
United States",Healthcare,Medical Instruments & Supplies,"13,676",,29.2,3.7,7.8,9.6,Low Controversy Level,1,32nd percentile,Medium
INTU,Intuit Inc,"2700 Coast Avenue
Mountain View, CA 94043
United States",Technology,Software - Application,"18,200",,29.2,1,4.7,10.7,Moderate Controversy Level,2,15th percentile,Low
IP,International Paper Co.,"6400 Poplar Avenue
Memphis, TN 38197
United States",Consumer Cyclical,Packaging & Containers,"39,000",,29.2,15.1,4.8,4.5,Significant Controversy Level,3,47th percentile,Medium
IFF,International Flavors & Fragrances Inc.,"521 West 57th Street
New York, NY 10019-2960
United States",Basic Materials,Specialty Chemicals,"21,500",,29.2,10.5,6.6,5.6,Significant Controversy Level,3,39th percentile,Medium
IBM,International Business Machines Corporation,"One New Orchard Road
Armonk, NY 10504
United States",Technology,Information Technology Services,"2,82,200",,29.2,1.8,6.1,6.2,Moderate Controversy Level,2,9th percentile,Low
ICE,Intercontinental Exchange Inc.,"5660 New Northside Drive
3rd Floor
Atlanta, GA 30328
United States",Financial Services,Financial Data & Stock Exchanges,"13,226",,29.2,1.7,8.8,9.3,Low Controversy Level,1,27th percentile,Low
INTC,Intel Corp,"2200 Mission College Boulevard
Santa Clara, CA 95054-1549
United States",Technology,Semiconductors,"1,30,700",,29.2,4.9,6.6,7.3,Significant Controversy Level,3,24th percentile,Low
PODD,Insulet Corporation,"100 Nagog Park
Acton, MA 01720
United States",Healthcare,Medical Devices,"3,000",,29.2,,,,,,,
IR,Ingersoll Rand Inc.,"525 Harbour Place Drive
Suite 600
Davidson, NC 28036
United States",Industrials,Specialty Industrial Machinery,"18,000",,29.2,,,,,,,
INCY,Incyte Genomics Inc,"1801 Augustine Cut-Off
Wilmington, DE 19803
United States",Healthcare,Biotechnology,"2,524",,29.2,1.1,7.4,16.3,Low Controversy Level,1,48th percentile,Medium
ILMN,Illumina Inc,"5200 Illumina Way
San Diego, CA 92122
United States",Healthcare,Diagnostics & Research,"10,590",,29.2,0.1,6.9,11.6,Significant Controversy Level,3,23rd percentile,Low
ITW,Illinois Tool Works Inc.,"155 Harlem Avenue
Glenview, IL 60025
United States",Industrials,Specialty Industrial Machinery,"45,000",,29.2,7,6.5,11.8,Moderate Controversy Level,2,50th percentile,Medium
IDXX,Idexx Laboratories Inc,"One IDEXX Drive
Westbrook, ME 04092
United States",Healthcare,Diagnostics & Research,"11,000",,29.2,2.6,8.9,7.1,Low Controversy Level,1,23rd percentile,Low
IEX,Idex Corporation,"3100 Sanders Road
Suite 301
Northbrook, IL 60062
United States",Industrials,Specialty Industrial Machinery,"8,800",,29.2,10.3,5.3,13.7,None Controversy Level,N/A,66th percentile,Medium
HII,"Huntington Ingalls Industries, Inc.","4101 Washington Avenue
Newport News, VA 23607
United States",Industrials,Aerospace & Defense,"44,000",,29.2,,,,,,,
HBAN,Huntington Bancshares Inc,"Huntington Center
41 South High Street
Columbus, OH 43287
United States",Financial Services,Banks - Regional,"19,719",,29.2,2,8.7,11.2,Moderate Controversy Level,2,35th percentile,Medium
HUM,Humana Inc.,"Humana Building
500 West Main Street P.O. Box 1438
Louisville, KY 40202
United States",Healthcare,Healthcare Plans,"67,600",,29.2,0,5.7,16.7,Moderate Controversy Level,2,38th percentile,Medium
HUBB,Hubbell Incorporated,"40 Waterview Drive
Shelton, CT 06484-1000
United States",Industrials,Electrical Equipment & Parts,"18,400",,29.2,5.6,4.9,9.1,None Controversy Level,N/A,27th percentile,Low
HPQ,Hp Inc.,"1501 Page Mill Road
Palo Alto, CA 94304
United States",Technology,Computer Hardware,"58,000",,29.2,0.1,6.1,5.1,Moderate Controversy Level,2,4th percentile,Low
HWM,Howmet Aerospace Inc.,"201 Isabella Street
Suite 200
Pittsburgh, PA 15212-5872
United States",Industrials,Aerospace & Defense,"23,200",,29.2,,,,,,,
HST,"Host Hotels & Resorts, Inc.","4747 Bethesda Avenue
Suite 1300
Bethesda, MD 20814-1109
United States",Real Estate,REIT - Hotel & Motel,163,,29.2,3.3,5.5,4.6,Low Controversy Level,1,7th percentile,Low
HRL,Hormel Foods Corporation,"1 Hormel Place
Austin, MN 55912-3680
United States",Consumer Defensive,Packaged Foods,"20,000",,29.2,13.3,6,10.7,Significant Controversy Level,3,69th percentile,Medium
HON,"Honeywell International, Inc.","855 South Mint Street
Charlotte, NC 28202
United States",Industrials,Conglomerates,"95,000",,29.2,11,7,10.6,Significant Controversy Level,3,64th percentile,Medium
HD,"Home Depot, Inc.","2455 Paces Ferry Road
Atlanta, GA 30339
United States",Consumer Cyclical,Home Improvement Retail,"4,65,000",,29.2,3.3,3.8,5.6,Moderate Controversy Level,2,6th percentile,Low
HOLX,Hologic Inc,"250 Campus Drive
Marlborough, MA 01752
United States",Healthcare,Medical Instruments & Supplies,"6,990",,29.2,4.6,8.4,12.1,Low Controversy Level,1,49th percentile,Medium
HLT,Hilton Worldwide Holdings Inc.,"7930 Jones Branch Drive
Suite 1100
McLean, VA 22102
United States",Consumer Cyclical,Lodging,"1,78,000",,29.2,6.1,4.4,7,Moderate Controversy Level,2,19th percentile,Low
HPE,Hewlett Packard Enterprise Company,"1701 East Mossy Oaks Road
Spring, TX 77389
United States",Technology,Communication Equipment,"62,000",,29.2,0.9,5.6,4.1,Moderate Controversy Level,2,3rd percentile,Low
HES,Hess Corporation,"1185 Avenue of the Americas
40th Floor
New York, NY 10036
United States",Energy,Oil & Gas E&P,"1,756",,29.2,18.9,7,7.2,Moderate Controversy Level,2,79th percentile,High
HSIC,Henry Schein Inc,"135 Duryea Road
Melville, NY 11747
United States",Healthcare,Medical Distribution,"25,000",,29.2,2,6.3,5.7,Moderate Controversy Level,2,9th percentile,Low
JKHY,Henry (Jack) & Associates,"663 West Highway 60
PO Box 807
Monett, MO 65708
United States",Technology,Information Technology Services,"7,120",,29.2,4.3,5.7,8.7,None Controversy Level,N/A,23rd percentile,Low
DOC,"Healthpeak Properties, Inc.","4600 South Syracuse Street
Suite 500
Denver, CO 80237
United States",Real Estate,REIT - Healthcare Facilities,193,,29.2,,,,,,,
HCA,"Hca Healthcare, Inc.","One Park Plaza
Nashville, TN 37203
United States",Healthcare,Medical Care Facilities,"2,20,000",,29.2,3.9,7.2,17.7,Significant Controversy Level,3,64th percentile,Medium
HAS,"Hasbro, Inc.","1027 Newport Avenue
Pawtucket, RI 02861
United States",Consumer Cyclical,Leisure,"5,502",,29.2,0,4.2,2.9,Moderate Controversy Level,2,1st percentile,Negligible
HAL,Halliburton Company,"3000 North Sam Houston Parkway East
Houston, TX 77032
United States",Energy,Oil & Gas Equipment & Services,"49,000",,29.2,9.8,6.9,8.9,Moderate Controversy Level,2,52nd percentile,Medium
GS,Goldman Sachs Group Inc.,"200 West Street
New York, NY 10282
United States",Financial Services,Capital Markets,"44,400",,29.2,0.9,11.8,12.8,Moderate Controversy Level,2,51st percentile,Medium
GL,Globe Life Inc.,"3700 South Stonebridge Drive
P. O. Box 8080
McKinney, TX 75070-8080
United States",Financial Services,Insurance - Life,"3,636",,29.2,1.6,10.5,8.3,Moderate Controversy Level,2,29th percentile,Medium
GPN,"Global Payments, Inc.","3550 Lenox Road
Atlanta, GA 30326
United States",Industrials,Specialty Business Services,"27,000",,29.2,3.7,6.5,10.7,Low Controversy Level,1,31st percentile,Medium
GILD,Gilead Sciences Inc,"333 Lakeside Drive
Foster City, CA 94404
United States",Healthcare,Drug Manufacturers - General,"18,000",,29.2,1,7.6,14.3,Moderate Controversy Level,2,40th percentile,Medium
GPC,Genuine Parts Company,"2999 Wildwood Parkway
Atlanta, GA 30339
United States",Consumer Cyclical,Auto Parts,"60,000",,29.2,4.7,3.8,5.2,Moderate Controversy Level,2,8th percentile,Low
GM,General Motors Company,"300 Renaissance Center
Detroit, MI 48265-3000
United States",Consumer Cyclical,Auto Manufacturers,"1,63,000",,29.2,9.8,7.2,11.5,High Controversy Level,4,63rd percentile,Medium
GIS,"General Mills, Inc.","Number One General Mills Boulevard
Minneapolis, MN 55426
United States",Consumer Defensive,Packaged Foods,"34,000",,29.2,8.3,4.1,8.7,Moderate Controversy Level,2,32nd percentile,Medium
GE,General Electric Company,"1 Neumann Way
Evendale, OH 45215
United States",Industrials,Aerospace & Defense,"1,25,000",,29.2,14.2,10.9,15.4,Significant Controversy Level,3,92nd percentile,Severe
GD,General Dynamics Corporation,"11011 Sunset Hills Road
Reston, VA 20190
United States",Industrials,Aerospace & Defense,"1,11,600",,29.2,9.4,6.9,18.9,Significant Controversy Level,3,84th percentile,High
GNRC,Generac Holdings Inc,"S45 W29290 Highway 59
Waukesha, WI 53189
United States",Industrials,Specialty Industrial Machinery,"8,315",,29.2,,,,,,,
GEN,Gen Digital Inc.,"60 East Rio Salado Parkway
Suite 1000
Tempe, AZ 85281
United States",Technology,Software - Infrastructure,"3,400",,29.2,3.3,5.4,8.2,Moderate Controversy Level,2,17th percentile,Low
GEV,Ge Vernova Inc.,"58 Charles Street
Cambridge, MA 02141
United States",Utilities,Utilities - Renewable,"80,000",,29.2,,,,,,,
GEHC,Ge Healthcare Technologies Inc.,"500 West Monroe Street
Chicago, IL 60661
United States",Healthcare,Health Information Services,"51,000",,29.2,,,,,,,
IT,"Gartner, Inc.","56 Top Gallant Road
PO Box 10212
Stamford, CT 06902-7700
United States",Technology,Information Technology Services,"20,290",,29.2,0.1,5.6,13.2,Low Controversy Level,1,24th percentile,Low
GRMN,Garmin Ltd,"Mühlentalstrasse 2
Schaffhausen, 8200
Switzerland",Technology,Scientific & Technical Instruments,"19,900",,29.2,4.8,4.3,11.6,Low Controversy Level,1,30th percentile,Medium
FCX,Freeport-Mcmoran Inc.,"333 North Central Avenue
Phoenix, AZ 85004-2189
United States",Basic Materials,Copper,"27,200",,29.2,15.3,6.4,10,High Controversy Level,4,74th percentile,High
BEN,"Franklin Resources, Inc.","One Franklin Parkway
San Mateo, CA 94403
United States",Financial Services,Asset Management,"10,100",,29.2,1.1,7.3,9.9,Moderate Controversy Level,2,22nd percentile,Low
FOX,Fox Corporation Class B,"1211 Avenue of the Americas
New York, NY 10036
United States",Communication Services,Entertainment,"10,400",,29.2,,,,,,,
FOXA,Fox Corporation Class A,"1211 Avenue of the Americas
New York, NY 10036
United States",Communication Services,Entertainment,"10,400",,29.2,,,,,,,
FTV,Fortive Corporation,"6920 Seaway Boulevard
Everett, WA 98203
United States",Technology,Scientific & Technical Instruments,"18,000",,29.2,16.1,4.7,14,Low Controversy Level,1,83rd percentile,High
FTNT,"Fortinet, Inc.","909 Kifer Road
Sunnyvale, CA 94086
United States",Technology,Software - Infrastructure,"13,522",,29.2,2.5,6.4,10,Low Controversy Level,1,24th percentile,Low
F,Ford Motor Company,"One American Road
Dearborn, MI 48126
United States",Consumer Cyclical,Auto Manufacturers,"1,77,000",,29.2,7.4,8.5,6.4,Significant Controversy Level,3,37th percentile,Medium
FMC,Fmc Corporation,"FMC Tower
2929 Walnut Street Cira Centre South
Philadelphia, PA 19104
United States",Basic Materials,Agricultural Inputs,"6,200",,29.2,14.4,7.5,8.9,Low Controversy Level,1,72nd percentile,High
FI,"Fiserv, Inc.","600 N. Vel R. Phillips Ave
Milwaukee, WI 53203
United States",Technology,Information Technology Services,"42,000",,29.2,4.1,6.8,8.7,Moderate Controversy Level,2,27th percentile,Low
FE,Firstenergy Corp.,"76 South Main Street
Akron, OH 44308
United States",Utilities,Utilities - Regulated Electric,"12,042",,29.2,10.8,5.8,9,Significant Controversy Level,3,51st percentile,Medium
FSLR,"First Solar, Inc.","350 West Washington Street
Suite 600
Tempe, AZ 85288
United States",Technology,Solar,"6,700",,29.2,,,,,,,
FITB,Fifth Third Bancorp,"38 Fountain Square Plaza
Cincinnati, OH 45263
United States",Financial Services,Banks - Regional,"18,657",,29.2,1.2,7.5,8.1,Moderate Controversy Level,2,17th percentile,Low
FIS,"Fidelity National Information Services, Inc.","347 Riverside Avenue
Jacksonville, FL 32202
United States",Technology,Information Technology Services,"60,000",,29.2,4.1,5.2,8.2,Low Controversy Level,1,19th percentile,Low
FDX,Fedex Corporation,"942 South Shady Grove Road
Memphis, TN 38120
United States",Industrials,Integrated Freight & Logistics,"3,28,000",,29.2,5.7,5.6,8.4,Moderate Controversy Level,2,27th percentile,Low
FRT,Federal Realty Investment Trust,"909 Rose Avenue
Suite 200
North Bethesda, MD 20852-4041
United States",Real Estate,REIT - Retail,297,,29.2,2.3,5.8,4.3,Low Controversy Level,1,4th percentile,Low
FAST,Fastenal Co,"2001 Theurer Boulevard
Winona, MN 55987-1500
United States",Industrials,Industrial Distribution,"20,935",,29.2,9.3,7.1,8.3,Moderate Controversy Level,2,48th percentile,Medium
FICO,Fair Isaac Corporation,"5 West Mendenhall
Suite 105
Bozeman, MT 59715
United States",Technology,Software - Application,"3,550",,29.2,,,,,,,
FDS,Factset Research Systems,"45 Glover Avenue
7th Floor
Norwalk, CT 06850
United States",Financial Services,Financial Data & Stock Exchanges,"12,279",,29.2,4.3,5.3,8.8,Low Controversy Level,1,22nd percentile,Low
FFIV,"F5, Inc.","801 5th Avenue
Seattle, WA 98104
United States",Technology,Software - Infrastructure,"6,077",,29.2,4.1,5.4,7.6,Low Controversy Level,1,18th percentile,Low
XOM,Exxon Mobil Corporation,"22777 Springwoods Village Parkway
Spring, TX 77389-1425
United States",Energy,Oil & Gas Integrated,"62,000",,29.2,23.1,8.5,10,Significant Controversy Level,3,93rd percentile,Severe
EXR,"Extra Space Storage, Inc.","2795 East Cottonwood Parkway
Suite 300
Salt Lake City, UT 84121-7033
United States",Real Estate,REIT - Industrial,"7,618",,29.2,4.2,7.3,3.7,Low Controversy Level,1,12th percentile,Low
EXPD,"Expeditors International of Washington, Inc.","1015 Third Avenue
Seattle, WA 98104
United States",Industrials,Integrated Freight & Logistics,"18,403",,29.2,4.2,4.8,7.6,Moderate Controversy Level,2,16th percentile,Low
EXPE,"Expedia Group, Inc.","1111 Expedia Group Way West
Seattle, WA 98119
United States",Consumer Cyclical,Travel Services,"17,100",,29.2,4.3,10.1,13.3,Moderate Controversy Level,2,60th percentile,Medium
EXC,Exelon Corporation,"10 South Dearborn Street
54th Floor PO Box 805398
Chicago, IL 60680-5379
United States",Utilities,Utilities - Regulated Electric,"19,962",,29.2,7.4,6.4,9.1,Significant Controversy Level,3,39th percentile,Medium
ES,Eversource Energy,"300 Cadwell Drive
Springfield, MA 01104
United States",Utilities,Utilities - Regulated Electric,"10,000",,29.2,4.7,5.4,8.6,Moderate Controversy Level,2,23rd percentile,Low
EVRG,"Evergy, Inc.","1200 Main Street
Kansas City, MO 64105
United States",Utilities,Utilities - Regulated Electric,"4,658",,29.2,,,,,,,
EG,"Everest Group, Ltd.","Seon Place
4th Floor 141 Front Street PO Box HM 845
Hamilton, HM 19
Bermuda",Financial Services,Insurance - Reinsurance,"2,844",,29.2,1.4,9.9,6.7,Low Controversy Level,1,20th percentile,Low
ETSY,"Etsy, Inc.","117 Adams Street
Brooklyn, NY 11201
United States",Consumer Cyclical,Internet Retail,"2,420",,29.2,,,,,,,
ESS,"Essex Property Trust, Inc","1100 Park Place
Suite 200
San Mateo, CA 94403-7107
United States",Real Estate,REIT - Residential,"1,747",,29.2,3.5,6.1,2.8,Low Controversy Level,1,6th percentile,Low
EQR,Equity Residential,"Two North Riverside Plaza
Suite 400
Chicago, IL 60606-2624
United States",Real Estate,REIT - Residential,"2,400",,29.2,3,6.1,2.9,Low Controversy Level,1,5th percentile,Low
EQIX,"Equinix, Inc. Reit","One Lagoon Drive
4th Floor
Redwood City, CA 94065-1562
United States",Real Estate,REIT - Specialty,"13,354",,29.2,3.4,5.1,5.3,Low Controversy Level,1,9th percentile,Low
EFX,"Equifax, Incorporated","1550 Peachtree Street, NW
Atlanta, GA 30309
United States",Industrials,Consulting Services,"15,000",,29.2,0.1,6.8,16.3,Significant Controversy Level,3,41st percentile,Medium
EQT,Eqt Corp,"EQT Plaza
625 Liberty Avenue Suite 1700
Pittsburgh, PA 15222-3111
United States",Energy,Oil & Gas E&P,881,,29.2,17.7,7.9,10.1,Low Controversy Level,1,85th percentile,High
EPAM,"Epam Systems, Inc.","41 University Drive
Suite 202
Newtown, PA 18940
United States",Technology,Information Technology Services,"53,150",,29.2,,,,,,,
EOG,"Eog Resources, Inc.","1111 Bagby Street
Sky Lobby 2
Houston, TX 77002
United States",Energy,Oil & Gas E&P,"3,050",,29.2,20.2,7.3,6.7,Low Controversy Level,1,81st percentile,High
ETR,Entergy Corporation,"639 Loyola Avenue
New Orleans, LA 70113
United States",Utilities,Utilities - Regulated Electric,"12,000",,29.2,14,5.3,7.3,Moderate Controversy Level,2,56th percentile,Medium
EMR,Emerson Electric Co.,"8000 West Florissant Avenue
PO Box 4100
Saint Louis, MO 63136
United States",Industrials,Specialty Industrial Machinery,"67,000",,29.2,8.8,6.6,13.1,Low Controversy Level,1,62nd percentile,Medium
LLY,Eli Lilly & Co.,"Lilly Corporate Center
Indianapolis, IN 46285
United States",Healthcare,Drug Manufacturers - General,"43,000",,29.2,2.5,9.1,12.6,Moderate Controversy Level,2,46th percentile,Medium
ELV,"Elevance Health, Inc.","220 Virginia Avenue
Indianapolis, IN 46204
United States",Healthcare,Healthcare Plans,"1,04,900",,29.2,0.1,5.3,6,Moderate Controversy Level,2,4th percentile,Low
EA,Electronic Arts Inc,"209 Redwood Shores Parkway
Redwood City, CA 94065
United States",Communication Services,Electronic Gaming & Multimedia,"13,700",,29.2,0.1,4.7,8.4,Moderate Controversy Level,2,7th percentile,Low
EW,Edwards Lifesciences Corp,"One Edwards Way
Irvine, CA 92614
United States",Healthcare,Medical Devices,"19,800",,29.2,2.9,7.6,8.1,Low Controversy Level,1,23rd percentile,Low
EIX,Edison International,"2244 Walnut Grove Avenue
PO Box 976
Rosemead, CA 91770
United States",Utilities,Utilities - Regulated Electric,"13,003",,29.2,11,5.1,11.4,Significant Controversy Level,3,59th percentile,Medium
ECL,"Ecolab, Inc.","1 Ecolab Place
Saint Paul, MN 55102-2233
United States",Basic Materials,Specialty Chemicals,"48,000",,29.2,8.5,5.3,6.1,Moderate Controversy Level,2,27th percentile,Low
EBAY,Ebay Inc,"2025 Hamilton Avenue
San Jose, CA 95125
United States",Consumer Cyclical,Internet Retail,"12,300",,29.2,2.7,7.2,7.7,Moderate Controversy Level,2,19th percentile,Low
ETN,"Eaton Corporation, Plcs","Eaton House
30 Pembroke Road
Dublin, D04 Y0C2
Ireland",Industrials,Specialty Industrial Machinery,"94,000",,29.2,5.5,5.7,6.8,Low Controversy Level,1,20th percentile,Low
DD,"Dupont De Nemours, Inc.","Building 730
974 Centre Road
Wilmington, DE 19805
United States",Basic Materials,Specialty Chemicals,"24,000",,29.2,14.7,5.9,8,Significant Controversy Level,3,63rd percentile,Medium
DUK,Duke Energy Corporation,"525 South Tryon Street
Charlotte, NC 28202
United States",Utilities,Utilities - Regulated Electric,"27,037",,29.2,11.5,4.8,10.7,Moderate Controversy Level,2,57th percentile,Medium
DTE,Dte Energy Company,"One Energy Plaza
Detroit, MI 48226-1279
United States",Utilities,Utilities - Regulated Electric,"9,608",,29.2,15,4.7,10,Moderate Controversy Level,2,68th percentile,Medium
DOW,Dow Inc.,"2211 H.H. Dow Way
Midland, MI 48674
United States",Basic Materials,Chemicals,"35,900",,29.2,,,,,,,
DOV,Dover Corporation,"3005 Highland Parkway
Downers Grove, IL 60515
United States",Industrials,Specialty Industrial Machinery,"25,000",,29.2,8,5.4,12.5,Low Controversy Level,1,53rd percentile,Medium
D,"Dominion Energy, Inc","120 Tredegar Street
Richmond, VA 23219
United States",Utilities,Utilities - Regulated Electric,"17,700",,29.2,11.9,5.6,8.8,Moderate Controversy Level,2,55th percentile,Medium
DLTR,Dollar Tree Inc.,"500 Volvo Parkway
Chesapeake, VA 23320
United States",Consumer Defensive,Discount Stores,"65,894",,29.2,3.3,4,12.8,Moderate Controversy Level,2,28th percentile,Medium
DG,Dollar General Corp.,"100 Mission Ridge
Goodlettsville, TN 37072
United States",Consumer Defensive,Discount Stores,"1,85,800",,29.2,3.5,5.5,8.6,Moderate Controversy Level,2,19th percentile,Low
DFS,Discover Financial Services,"2500 Lake Cook Road
Riverwoods, IL 60015
United States",Financial Services,Credit Services,"21,100",,29.2,0.1,10.5,11.9,Moderate Controversy Level,2,38th percentile,Medium
DLR,"Digital Realty Trust, Inc.","5707 Southwest Parkway, Building 1
Suite 275
Austin, TX 78735-6213
United States",Real Estate,REIT - Specialty,"3,664",,29.2,2.8,7,2.8,None Controversy Level,N/A,6th percentile,Low
FANG,"Diamondback Energy, Inc.","500 West Texas Avenue
Suite 100
Midland, TX 79701
United States",Energy,Oil & Gas E&P,"1,023",,29.2,,,,,,,
DXCM,"Dexcom, Inc.","6340 Sequence Drive
San Diego, CA 92121
United States",Healthcare,Medical Devices,"9,500",,29.2,5.3,8.1,10.6,Low Controversy Level,1,45th percentile,Medium
DVN,Devon Energy Corporation,"333 West Sheridan Avenue
Oklahoma City, OK 73102-5015
United States",Energy,Oil & Gas E&P,"1,900",,29.2,17.7,7.5,8.6,Moderate Controversy Level,2,80th percentile,High
DAL,"Delta Air Lines, Inc.","PO Box 20706
Atlanta, GA 30320-6001
United States",Industrials,Airlines,"1,03,000",,29.2,9.9,5.8,14.6,Moderate Controversy Level,2,70th percentile,High
DE,Deere & Company,"One John Deere Place
Moline, IL 61265
United States",Industrials,Farm & Heavy Construction Machinery,"83,000",,29.2,2.7,6.5,10.8,Moderate Controversy Level,2,28th percentile,Low
DECK,Deckers Outdoor Corp,"250 Coromar Drive
Goleta, CA 93117
United States",Consumer Cyclical,Footwear & Accessories,"4,800",,29.2,,,,,,,
DHR,Danaher Corporation,"2200 Pennsylvania Avenue, North West
Suite 800 West
Washington, DC 20037-1701
United States",Healthcare,Diagnostics & Research,"61,000",,29.2,1.4,5.3,5.2,Moderate Controversy Level,2,5th percentile,Low
DHI,D.R. Horton Inc.,"1341 Horton Circle
Arlington, TX 76011
United States",Consumer Cyclical,Residential Construction,"13,450",,29.2,8.7,5.7,6.7,Moderate Controversy Level,2,32nd percentile,Medium
CVS,Cvs Health Corporation,"One CVS Drive
Woonsocket, RI 02895
United States",Healthcare,Healthcare Plans,"2,19,000",,29.2,0,6.2,15.8,Significant Controversy Level,3,36th percentile,Medium
CMI,Cummins Inc.,"500 Jackson Street
Box 3005
Columbus, IN 47202-3005
United States",Industrials,Specialty Industrial Machinery,"75,500",,29.2,5.6,5.9,7.7,Moderate Controversy Level,2,25th percentile,Low
CSX,Csx Corporation,"500 Water Street
15th Floor
Jacksonville, FL 32202
United States",Industrials,Railroads,"23,400",,29.2,7,4.8,10,Moderate Controversy Level,2,36th percentile,Medium
CCI,Crown Castle Inc.,"8020 Katy Freeway
Houston, TX 77024-1908
United States",Real Estate,REIT - Specialty,"4,700",,29.2,4.1,4.3,1.7,None Controversy Level,N/A,3rd percentile,Low
CTRA,Coterra Energy Inc.,"Three Memorial City Plaza
Suite 1400 840 Gessner Road
Houston, TX 77024
United States",Energy,Oil & Gas E&P,894,,29.2,20.3,7.5,8.3,Moderate Controversy Level,2,86th percentile,High
COST,Costco Wholesale Corp,"999 Lake Drive
Issaquah, WA 98027
United States",Consumer Defensive,Discount Stores,"3,16,000",,29.2,6.5,5.6,11.2,Significant Controversy Level,3,41st percentile,Medium
CSGP,Costar Group Inc,"1331 L Street, NW
Washington, DC 20005
United States",Real Estate,Real Estate Services,"6,152",,29.2,4.9,7.7,9.3,Low Controversy Level,1,36th percentile,Medium
CTVA,"Corteva, Inc.","9330 Zionsville Road
Indianapolis, IN 46268
United States",Basic Materials,Agricultural Inputs,"22,500",,29.2,,,,,,,
CPAY,"Corpay, Inc.","3280 Peachtree Road
Suite 2400
Atlanta, GA 30305
United States",Technology,Software - Infrastructure,"10,500",,29.2,,,,,,,
GLW,Corning Incorporated,"One Riverfront Plaza
Corning, NY 14831
United States",Technology,Electronic Components,"49,800",,29.2,5.5,6.1,4.8,Moderate Controversy Level,2,16th percentile,Low
CPRT,Copart Inc,"14185 Dallas Parkway
Suite 300
Dallas, TX 75254
United States",Industrials,Specialty Business Services,"12,000",,29.2,1.5,5.6,9,Low Controversy Level,1,14th percentile,Low
CEG,Constellation Energy Corporation,"1310 Point Street
Baltimore, MD 21231-3380
United States",Utilities,Utilities - Renewable,"13,871",,29.2,,,,,,,
STZ,"Constellation Brands, Inc.","Building 100
207 High Point Drive
Victor, NY 14564
United States",Consumer Defensive,Beverages - Wineries & Distilleries,"10,600",,29.2,9.4,5.2,10,Moderate Controversy Level,2,48th percentile,Medium
ED,"Consolidated Edison, Inc.","4 Irving Place
New York, NY 10003
United States",Utilities,Utilities - Regulated Electric,"14,592",,29.2,6.9,6.1,10.9,Significant Controversy Level,3,44th percentile,Medium
COP,Conocophillips,"925 North Eldridge Parkway
Houston, TX 77079-2703
United States",Energy,Oil & Gas E&P,"10,000",,29.2,17.6,8.3,8.1,Moderate Controversy Level,2,81st percentile,High
CAG,"Conagra Brands, Inc.","222 West Merchandise Mart Plaza
Suite 1300
Chicago, IL 60654
United States",Consumer Defensive,Packaged Foods,"18,600",,29.2,10.7,4.7,15.4,Moderate Controversy Level,2,72nd percentile,High
CMA,Comerica Incorporated,"Comerica Bank Tower
1717 Main Street
Dallas, TX 75201-6404
United States",Financial Services,Banks - Regional,"7,619",,29.2,2.5,11.7,11,Moderate Controversy Level,2,50th percentile,Medium
CMCSA,Comcast Corp,"One Comcast Center
1701 JFK Boulevard
Philadelphia, PA 19103-2838
United States",Communication Services,Telecom Services,"1,86,000",,29.2,4,8.2,10.9,Moderate Controversy Level,2,41st percentile,Medium
CL,Colgate-Palmolive Company,"300 Park Avenue
New York, NY 10022-7499
United States",Consumer Defensive,Household & Personal Products,"34,000",,29.2,8.3,6.5,11.3,Moderate Controversy Level,2,54th percentile,Medium
CTSH,Cognizant Technology Solutions,"300 Frank West Burr Boulevard
Teaneck, NJ 07666
United States",Technology,Information Technology Services,"3,44,400",,29.2,1.1,5.9,7.6,Moderate Controversy Level,2,10th percentile,Low
KO,Coca-Cola Company,"One Coca-Cola Plaza
Atlanta, GA 30313
United States",Consumer Defensive,Beverages - Non-Alcoholic,"79,100",,29.2,7.2,4.9,9.5,Significant Controversy Level,3,35th percentile,Medium
CMS,Cms Energy Corporation,"One Energy Plaza
Jackson, MI 49201
United States",Utilities,Utilities - Regulated Electric,"8,356",,29.2,9.6,5.2,6.8,Moderate Controversy Level,2,35th percentile,Medium
CME,Cme Group Inc.,"20 South Wacker Drive
Chicago, IL 60606
United States",Financial Services,Financial Data & Stock Exchanges,"3,565",,29.2,2.1,9.2,6.5,Low Controversy Level,1,20th percentile,Low
CLX,Clorox Company,"1221 Broadway
Oakland, CA 94612-1888
United States",Consumer Defensive,Household & Personal Products,"8,100",,29.2,7.7,5.3,8.6,Moderate Controversy Level,2,35th percentile,Medium
CFG,"Citizens Financial Group, Inc.","One Citizens Plaza
Providence, RI 02903
United States",Financial Services,Banks - Regional,"17,354",,29.2,2,11.4,10.1,Moderate Controversy Level,2,42nd percentile,Medium
C,Citigroup Inc.,"388 Greenwich Street
New York, NY 10013
United States",Financial Services,Banks - Diversified,"2,37,000",,29.2,1.8,13.7,13.8,High Controversy Level,4,66th percentile,Medium
CSCO,"Cisco Systems, Inc.","170 West Tasman Drive
San Jose, CA 95134-1706
United States",Technology,Communication Equipment,"84,900",,29.2,0.4,6.5,6.9,Moderate Controversy Level,2,8th percentile,Low
CTAS,Cintas Corp,"6800 Cintas Boulevard
PO Box 625737
Cincinnati, OH 45262-5737
United States",Industrials,Specialty Business Services,"44,500",,29.2,3,5.9,9.2,Moderate Controversy Level,2,21st percentile,Low
CINF,Cincinnati Financial Corp,"6200 South Gilmore Road
Fairfield, OH 45014-5141
United States",Financial Services,Insurance - Property & Casualty,"5,426",,29.2,1.8,12.9,11,Low Controversy Level,1,52nd percentile,Medium
CHD,"Church & Dwight Co., Inc.","Princeton South Corporate Center
500 Charles Ewing Boulevard
Ewing, NJ 08628
United States",Consumer Defensive,Household & Personal Products,"5,550",,29.2,6.9,6.7,6.3,Low Controversy Level,1,27th percentile,Low
CB,Chubb Limited,"Baerengasse 32
Zurich, 8001
Switzerland",Financial Services,Insurance - Property & Casualty,"40,000",,29.2,1.5,10.6,11.5,Moderate Controversy Level,2,43rd percentile,Medium
CMG,"Chipotle Mexican Grill, Inc.","610 Newport Center Drive
Suite 1100
Newport Beach, CA 92660
United States",Consumer Cyclical,Restaurants,"1,20,000",,29.2,6.8,4.3,9.6,Moderate Controversy Level,2,30th percentile,Medium
CVX,Chevron Corporation,"6001 Bollinger Canyon Road
San Ramon, CA 94583-2324
United States",Energy,Oil & Gas Integrated,"45,600",,29.2,17,10.4,9.2,Significant Controversy Level,3,87th percentile,High
CHTR,Charter Comm Inc Del Cl a,"400 Washington Blvd.
Stamford, CT 06902
United States",Communication Services,Telecom Services,"1,01,100",,29.2,6.1,7.9,10.7,Moderate Controversy Level,2,48th percentile,Medium
CRL,"Charles River Laboratories International, Inc.","251 Ballardvale Street
Wilmington, MA 01887
United States",Healthcare,Diagnostics & Research,"20,400",,29.2,,,,,,,
CF,"Cf Industries Holding, Inc.","2375 Waterview Drive
Northbrook, IL 60062
United States",Basic Materials,Agricultural Inputs,"2,700",,29.2,16.2,5.4,7.7,Low Controversy Level,1,66th percentile,Medium
CNP,"Centerpoint Energy, Inc.","1111 Louisiana Street
Houston, TX 77002
United States",Utilities,Utilities - Regulated Electric,"8,827",,29.2,12.9,5.1,10.7,Moderate Controversy Level,2,64th percentile,Medium
CNC,Centene Corporation,"Centene Plaza
7700 Forsyth Boulevard
Saint Louis, MO 63105
United States",Healthcare,Healthcare Plans,"59,900",,29.2,0.1,6.5,13.3,Moderate Controversy Level,2,28th percentile,Low
COR,"Cencora, Inc.","1 West First Avenue
Conshohocken, PA 19428-1800
United States",Healthcare,Medical Distribution,"46,000",,29.2,1.6,5.7,5.5,Significant Controversy Level,3,6th percentile,Low
CE,Celanese Corporation,"222 West Las Colinas Boulevard
Suite 900N
Irving, TX 75039-5421
United States",Basic Materials,Chemicals,"12,400",,29.2,14.7,5.6,5.9,Moderate Controversy Level,2,54th percentile,Medium
CDW,Cdw Corporation,"200 North Milwaukee Avenue
Vernon Hills, IL 60061
United States",Technology,Information Technology Services,"11,400",,29.2,2.5,3.5,3.2,None Controversy Level,N/A,2nd percentile,Negligible
CBRE,"Cbre Group, Inc.","2100 McKinney Avenue
Suite 1250
Dallas, TX 75201
United States",Real Estate,Real Estate Services,"1,30,000",,29.2,1.5,4.6,1.9,Low Controversy Level,1,2nd percentile,Negligible
CBOE,"Cboe Global Markets, Inc.","433 West Van Buren Street
Chicago, IL 60607
United States",Financial Services,Financial Data & Stock Exchanges,"1,647",,29.2,2.7,10.6,7.6,Low Controversy Level,1,32nd percentile,Medium
CAT,Caterpillar Inc.,"5205 North O'Connor Boulevard
Suite 100
Irving, TX 75039
United States",Industrials,Farm & Heavy Construction Machinery,"1,13,200",,29.2,10.4,8.1,17.7,High Controversy Level,4,86th percentile,High
CTLT,"Catalent, Inc.","14 Schoolhouse Road
Somerset, NJ 08873
United States",Healthcare,Drug Manufacturers - Specialty & Generic,"18,000",,29.2,,,,,,,
CARR,Carrier Global Corporation,"13995 Pasteur Boulevard
Palm Beach Gardens, FL 33418
United States",Industrials,Building Products & Equipment,"53,000",,29.2,,,,,,,
CCL,Carnival Corporation,"3655 N.W. 87th Avenue
Miami, FL 33178-2428
United States",Consumer Cyclical,Travel Services,"1,06,000",,29.2,9.4,5,10.1,Significant Controversy Level,3,47th percentile,Medium
KMX,Carmax Inc.,"12800 Tuckahoe Creek Parkway
Richmond, VA 23238
United States",Consumer Cyclical,Auto & Truck Dealerships,"29,836",,29.2,0.1,4,8,Moderate Controversy Level,2,5th percentile,Low
CAH,"Cardinal Health, Inc.","7000 Cardinal Place
Dublin, OH 43017
United States",Healthcare,Medical Distribution,"47,040",,29.2,1.2,6.4,7.3,Significant Controversy Level,3,11th percentile,Low
COF,Capital One Financial,"1680 Capital One Drive
McLean, VA 22102
United States",Financial Services,Credit Services,"51,300",,29.2,0.1,10.1,12.3,Significant Controversy Level,3,38th percentile,Medium
CPB,Campbell Soup Company,"1 Campbell Place
Camden, NJ 08103-1799
United States",Consumer Defensive,Packaged Foods,"14,500",,29.2,10.9,4.5,8.1,Moderate Controversy Level,2,42nd percentile,Medium
CPT,Camden Property Trust,"11 Greenway Plaza
Suite 2400
Houston, TX 77046-1124
United States",Real Estate,REIT - Residential,"1,640",,29.2,4,8.2,3.9,Low Controversy Level,1,14th percentile,Low
CZR,"Caesars Entertainment, Inc.","100 West Liberty Street
12th Floor
Reno, NV 89501
United States",Consumer Cyclical,Resorts & Casinos,"51,000",,29.2,,,,,,,
CDNS,Cadence Design Systems,"Building 5
2655 Seely Avenue
San Jose, CA 95134
United States",Technology,Software - Application,"11,200",,29.2,2.3,4.8,4.9,None Controversy Level,N/A,5th percentile,Low
CHRW,"C.H. Robinson Worldwide, Inc.","14701 Charlson Road
Eden Prairie, MN 55347-5076
United States",Industrials,Integrated Freight & Logistics,"14,990",,29.2,4.7,5.3,9.3,Low Controversy Level,1,26th percentile,Low
BG,Bunge Global Sa,"1391 Timberlake Manor Parkway
Chesterfield, MO 63017
United States",Consumer Defensive,Farm Products,"23,000",,29.2,14.4,5.3,13.3,Significant Controversy Level,3,78th percentile,High
BLDR,"Builders Firstsource, Inc.","6031 Connection Drive
Suite 400
Irving, TX 75039
United States",Industrials,Building Products & Equipment,"29,000",,29.2,,,,,,,
BF.B,Brown-Forman Corporation Class B,,,,,,29.2,,,,,,,
BRO,"Brown & Brown, Inc.","300 North Beach Street
Daytona Beach, FL 32114
United States",Financial Services,Insurance Brokers,"16,152",,29.2,0.1,10.6,9.8,Low Controversy Level,1,30th percentile,Medium
BR,Broadridge Financial Solutions Inc,"5 Dakota Drive
Suite 300
Lake Success, NY 11042
United States",Technology,Information Technology Services,"14,000",,29.2,4.2,4.9,7.5,Moderate Controversy Level,2,16th percentile,Low
AVGO,Broadcom Inc.,"3421 Hillview Ave
Palo Alto, CA 94304
United States",Technology,Semiconductors,"20,000",,29.2,7.3,6.6,6,Significant Controversy Level,3,28th percentile,Low
BMY,Bristol-Myers Squibb Co.,"Route 206 & Province Line Road
Princeton, NJ 08543
United States",Healthcare,Drug Manufacturers - General,"34,100",,29.2,1.3,7.1,14.4,Moderate Controversy Level,2,39th percentile,Medium
BSX,Boston Scientific Corp.,"300 Boston Scientific Way
Marlborough, MA 01752-1234
United States",Healthcare,Medical Devices,"48,000",,29.2,2.4,8.9,11.9,Moderate Controversy Level,2,41st percentile,Medium
BXP,"Boston Properties, Inc.","Prudential Center, 800 Boylston Street
Suite 1900
Boston, MA 02199-8103
United States",Real Estate,REIT - Office,836,,29.2,2.5,5.4,4.5,Low Controversy Level,1,6th percentile,Low
BWA,Borgwarner Inc.,"3850 Hamlin Road
Auburn Hills, MI 48326
United States",Consumer Cyclical,Auto Parts,"39,900",,29.2,2.7,5.7,4.2,Moderate Controversy Level,2,6th percentile,Low
BKNG,Booking Holdings Inc.,"800 Connecticut Avenue
Norwalk, CT 06854
United States",Consumer Cyclical,Travel Services,"24,000",,29.2,1,8.1,10.1,Significant Controversy Level,3,25th percentile,Low
BA,Boeing Company,"929 Long Bridge Drive
Arlington, VA 22202
United States",Industrials,Aerospace & Defense,"1,71,000",,29.2,8.8,8.3,22.5,High Controversy Level,4,91st percentile,High
BX,Blackstone Inc.,"345 Park Avenue
New York, NY 10154
United States",Financial Services,Asset Management,"4,735",,29.2,2.5,11.3,9.6,Moderate Controversy Level,2,42nd percentile,Medium
BLK,"Blackrock, Inc.","50 Hudson Yards
New York, NY 10001
United States",Financial Services,Asset Management,"19,300",,29.2,0.9,10,7.4,Moderate Controversy Level,2,21st percentile,Low
BIIB,Biogen Inc.,"225 Binney Street
Cambridge, MA 02142
United States",Healthcare,Drug Manufacturers - General,"7,570",,29.2,0.4,7.4,14.5,Significant Controversy Level,3,37th percentile,Medium
TECH,Bio-Techne Corp.,"614 McKinley Place N.E.
Minneapolis, MN 55413
United States",Healthcare,Biotechnology,"3,200",,29.2,,,,,,,
BIO,"Bio-Rad Laboratories, Inc.Class A","1000 Alfred Nobel Drive
Hercules, CA 94547
United States",Healthcare,Medical Devices,"8,000",,29.2,1.2,7,9.2,Low Controversy Level,1,18th percentile,Low
BBY,"Best Buy Company, Inc.","7601 Penn Avenue South
Richfield, MN 55423
United States",Consumer Cyclical,Specialty Retail,"85,000",,29.2,2.4,4.4,9.1,Moderate Controversy Level,2,14th percentile,Low
BRK-B,Berkshire Hathaway Class B,"3555 Farnam Street
Omaha, NE 68131
United States",Financial Services,Insurance - Diversified,"3,96,500",,29.2,1,14.8,4.9,Low Controversy Level,1,30th percentile,Medium
BDX,"Becton, Dickinson and Co.","1 Becton Drive
Franklin Lakes, NJ 07417-1880
United States",Healthcare,Medical Instruments & Supplies,"70,000",,29.2,3,7.1,13.6,Significant Controversy Level,3,44th percentile,Medium
BAX,Baxter International Inc.,"One Baxter Parkway
Deerfield, IL 60015
United States",Healthcare,Medical Instruments & Supplies,"60,000",,29.2,2.8,7.1,13.6,Significant Controversy Level,3,43rd percentile,Medium
BBWI,"Bath & Body Works, Inc.","Three Limited Parkway
Columbus, OH 43230
United States",Consumer Cyclical,Specialty Retail,"8,981",,29.2,12.2,5.9,10.3,Moderate Controversy Level,2,62nd percentile,Medium
BK,Bank of New York Mellon Corporation,"240 Greenwich Street
New York, NY 10286
United States",Financial Services,Asset Management,"52,100",,29.2,1.1,9.9,9.9,Moderate Controversy Level,2,31st percentile,Medium
BAC,Bank of America Corporation,"Bank of America Corporate Center
100 North Tryon Street
Charlotte, NC 28255
United States",Financial Services,Banks - Diversified,"2,12,000",,29.2,1.7,11.5,15.1,Significant Controversy Level,3,62nd percentile,Medium
BALL,Ball Corporation,"9200 West 108th Circle
Westminster, CO 80021
United States",Consumer Cyclical,Packaging & Containers,"16,000",,29.2,7.6,3.7,0.8,Moderate Controversy Level,2,5th percentile,Low
BKR,Baker Hughes Company,"575 North Dairy Ashford Road
Suite 100
Houston, TX 77079-1121
United States",Energy,Oil & Gas Equipment & Services,"57,000",,29.2,,,,,,,
AXON,"Axon Enterprise, Inc.","17800 North 85th Street
Scottsdale, AZ 85255
United States",Industrials,Aerospace & Defense,"3,330",,29.2,,,,,,,
AVY,Avery Dennison Corp.,"8080 Norton Parkway
Mentor, OH 44060
United States",Consumer Cyclical,Packaging & Containers,"35,000",,29.2,11.4,3.7,0.9,Low Controversy Level,1,14th percentile,Low
AVB,"Avalonbay Communities, Inc.","4040 Wilson Boulevard, Suite 1000
Arlington, VA 22203-2120
United States",Real Estate,REIT - Residential,"2,978",,29.2,3,4.8,2,Low Controversy Level,1,3rd percentile,Negligible
AZO,"Autozone, Inc.","123 South Front Street
Memphis, TN 38103
United States",Consumer Cyclical,Specialty Retail,"71,400",,29.2,0.1,3.8,7.1,Moderate Controversy Level,2,4th percentile,Low
ADP,Automatic Data Processing,"One ADP Boulevard
Roseland, NJ 07068
United States",Industrials,Staffing & Employment Services,"63,000",,29.2,2.8,5.5,5.5,Low Controversy Level,1,8th percentile,Low
ADSK,Autodesk Inc,"One Market Street
Suite 400
San Francisco, CA 94105
United States",Technology,Software - Application,,,29.2,3.7,4.9,8.2,None Controversy Level,N/A,16th percentile,Low
ATO,Atmos Energy Corporation,"1800 Three Lincoln Centre
5430 LBJ Freeway
Dallas, TX 75240
United States",Utilities,Utilities - Regulated Gas,"5,019",,29.2,14.8,6.4,13.4,Moderate Controversy Level,2,83rd percentile,High
T,At&t Inc.,"208 South Akard Street
Dallas, TX 75202
United States",Communication Services,Telecom Services,"1,48,290",,29.2,3.3,6.7,13.9,Significant Controversy Level,3,44th percentile,Medium
AIZ,"Assurant, Inc.","260 Interstate North Circle SE
Atlanta, GA 30339-2210
United States",Financial Services,Insurance - Specialty,"13,600",,29.2,1.6,11.7,10.8,Moderate Controversy Level,2,45th percentile,Medium
AJG,Arthur J. Gallagher & Co.,"2850 Golf Road
Rolling Meadows, IL 60008-4050
United States",Financial Services,Insurance Brokers,"49,821",,29.2,0.1,10.1,10.9,Moderate Controversy Level,2,33rd percentile,Medium
ANET,Arista Networks,"5453 Great America Parkway
Santa Clara, CA 95054
United States",Technology,Computer Hardware,"4,023",,29.2,0.4,7.4,8.9,Low Controversy Level,1,16th percentile,Low
ADM,Archer Daniels Midland Company,"77 West Wacker Drive
Suite 4600
Chicago, IL 60601
United States",Consumer Defensive,Farm Products,"40,213",,29.2,16.6,5,10.1,Significant Controversy Level,3,75th percentile,High
ACGL,Arch Capital Group Ltd,"Waterloo House
Ground Floor 100 Pitts Bay Road
Pembroke, HM 08
Bermuda",Financial Services,Insurance - Diversified,"6,400",,29.2,1.5,10.9,10.1,Moderate Controversy Level,2,38th percentile,Medium
APTV,Aptiv Plc,"5 Hanover Quay
Grand Canal Dock
Dublin, D02 VY79
Ireland",Consumer Cyclical,Auto Parts,"1,54,000",,29.2,1.5,5.3,3.9,Low Controversy Level,1,3rd percentile,Low
AMAT,Applied Materials Inc,"3050 Bowers Avenue
P.O. Box 58039
Santa Clara, CA 95052-8039
United States",Technology,Semiconductor Equipment & Materials,"34,800",,29.2,4.5,5.3,3,Low Controversy Level,1,6th percentile,Low
AAPL,Apple Inc.,"One Apple Park Way
Cupertino, CA 95014
United States",Technology,Consumer Electronics,"1,50,000",,29.2,0.5,9.4,7.4,Significant Controversy Level,3,18th percentile,Low
APA,Apa Corporation,"One Post Oak Central
Suite 100 2000 Post Oak Boulevard
Houston, TX 77056-4400
United States",Energy,Oil & Gas E&P,"2,271",,29.2,22,8,8.9,Moderate Controversy Level,2,83rd percentile,High
AON,Aon Plc Class A,"Metropolitan Building
James Joyce Street
Dublin, D01 K0Y8
Ireland",Financial Services,Insurance Brokers,"50,000",,29.2,,,,,,,
ANSS,Ansys Inc,"Southpointe 2600 ANSYS Drive
Canonsburg, PA 15317
United States",Technology,Software - Application,"6,200",,29.2,3.5,5.1,7.3,None Controversy Level,N/A,14th percentile,Low
ADI,"Analog Devices, Inc.","One Analog Way
Wilmington, MA 01887
United States",Technology,Semiconductors,"26,000",,29.2,9.3,7,6.7,Low Controversy Level,1,40th percentile,Medium
APH,Amphenol Corporation,"358 Hall Avenue
PO Box 5030
Wallingford, CT 06492
United States",Technology,Electronic Components,"95,000",,29.2,7.3,7.6,4.6,Moderate Controversy Level,2,26th percentile,Low
AMGN,Amgen Inc,"One Amgen Center Drive
Thousand Oaks, CA 91320-1799
United States",Healthcare,Drug Manufacturers - General,"26,700",,29.2,0.7,7.8,13.5,Significant Controversy Level,3,36th percentile,Medium
AME,"Ametek, Inc.","1100 Cassatt Road
Berwyn, PA 19312-1177
United States",Industrials,Specialty Industrial Machinery,"21,500",,29.2,8.6,6.7,8.5,Low Controversy Level,1,44th percentile,Medium
AMP,"Ameriprise Financial, Inc.","1099 Ameriprise Financial Center
Minneapolis, MN 55474
United States",Financial Services,Asset Management,"13,800",,29.2,2.1,10.3,7.8,Moderate Controversy Level,2,29th percentile,Medium
AWK,"American Water Works Company, Inc","1 Water Street
Camden, NJ 08102-1658
United States",Utilities,Utilities - Regulated Water,"6,500",,29.2,9,5,7.6,Low Controversy Level,1,34th percentile,Medium
AMT,American Tower Corporation,"116 Huntington Avenue
11th Floor
Boston, MA 02116-5749
United States",Real Estate,REIT - Specialty,"5,643",,29.2,2.9,5.2,2.8,Low Controversy Level,1,4th percentile,Low
AIG,"American International Group, Inc.","1271 Avenue of the Americas
New York, NY 10020
United States",Financial Services,Insurance - Diversified,"25,000",,29.2,1.6,12.9,9.7,Moderate Controversy Level,2,46th percentile,Medium
AXP,American Express Company,"200 Vesey Street
New York, NY 10285
United States",Financial Services,Credit Services,"74,600",,29.2,0.1,9.7,8.9,Moderate Controversy Level,2,23rd percentile,Low
AEP,"American Electric Power Company, Inc.","1 Riverside Plaza
Columbus, OH 43215-2373
United States",Utilities,Utilities - Regulated Electric,"16,800",,29.2,12.7,5.4,8.1,Moderate Controversy Level,2,54th percentile,Medium
AAL,American Airlines Group Inc.,"1 Skyview Drive
Fort Worth, TX 76155
United States",Industrials,Airlines,"1,32,800",,29.2,9.9,4.8,11.6,Moderate Controversy Level,2,54th percentile,Medium
AEE,Ameren Corporation,"1901 Chouteau Avenue
Saint Louis, MO 63103
United States",Utilities,Utilities - Regulated Electric,"9,372",,29.2,12.9,5.3,9.1,Moderate Controversy Level,2,58th percentile,Medium
AMCR,Amcor Plcs,"Thurgauerstrasse 34
Zurich, 8050
Switzerland",Consumer Cyclical,Packaging & Containers,"41,000",,29.2,,,,,,,
AMZN,Amazon.com Inc,"410 Terry Avenue North
Seattle, WA 98109-5210
United States",Consumer Cyclical,Internet Retail,"15,25,000",,29.2,6,9.2,15.4,Significant Controversy Level,3,71st percentile,High
MO,"Altria Group, Inc.","6601 West Broad Street
Richmond, VA 23230
United States",Consumer Defensive,Tobacco,"6,400",,29.2,6.1,7.6,17.6,Significant Controversy Level,3,74th percentile,High
GOOG,Alphabet Inc. Class C,"1600 Amphitheatre Parkway
Mountain View, CA 94043
United States",Communication Services,Internet Content & Information,"1,80,895",,29.2,,,,,,,
GOOGL,Alphabet Inc. Class A,"1600 Amphitheatre Parkway
Mountain View, CA 94043
United States",Communication Services,Internet Content & Information,"1,80,895",,29.2,1.6,11.5,11.2,High Controversy Level,4,46th percentile,Medium
LNT,Alliant Energy Corporation,"4902 North Biltmore Lane
Madison, WI 53718-2148
United States",Utilities,Utilities - Regulated Electric,"3,281",,29.2,8.5,6.3,6.6,None Controversy Level,N/A,33rd percentile,Medium
ALLE,Allegion Public Limited Company,"Iveagh Court
Block D Harcourt Road
Dublin, D02 VH94
Ireland",Industrials,Security & Protection Services,"12,200",,29.2,10.9,5,5.8,None Controversy Level,N/A,35th percentile,Medium
ALGN,Align Technology Inc,"410 North Scottsdale Road
Suite 1300
Tempe, AZ 85288
United States",Healthcare,Medical Devices,"21,670",,29.2,,,,,,,
ARE,"Alexandria Real Estate Equities, Inc.","26 North Euclid Avenue
Pasadena, CA 91101-6104
United States",Real Estate,REIT - Office,568,,29.2,3.9,6.3,3.7,None Controversy Level,N/A,9th percentile,Low
ALB,Albemarle Corporation,"4250 Congress Street
Suite 900
Charlotte, NC 28209
United States",Basic Materials,Specialty Chemicals,"9,000",,29.2,15.4,6.3,4.8,Moderate Controversy Level,2,55th percentile,Medium
AKAM,Akamai Technologies Inc,"145 Broadway
Cambridge, MA 02142
United States",Technology,Software - Infrastructure,"10,250",,29.2,3,6.9,7.1,Low Controversy Level,1,17th percentile,Low
ABNB,"Airbnb, Inc. Class A","888 Brannan Street
San Francisco, CA 94103
United States",Consumer Cyclical,Travel Services,"6,907",,29.2,,,,,,,
APD,"Air Products & Chemicals, Inc.","1940 Air Products Boulevard
Allentown, PA 18106-5500
United States",Basic Materials,Specialty Chemicals,"23,000",,29.2,7.4,3.3,1.5,Low Controversy Level,1,5th percentile,Low
A,Agilent Technologies Inc.,"5301 Stevens Creek Boulevard
Santa Clara, CA 95051
United States",Healthcare,Diagnostics & Research,"18,000",,29.2,1.1,6.1,6.4,Moderate Controversy Level,2,8th percentile,Low
AFL,Aflac Inc.,"1932 Wynnton Road
Columbus, GA 31999
United States",Financial Services,Insurance - Life,"12,785",,29.2,0.3,8.9,9.1,Low Controversy Level,1,22nd percentile,Low
AES,Aes Corporation,"4300 Wilson Boulevard
11th Floor
Arlington, VA 22203
United States",Utilities,Utilities - Diversified,"9,600",,29.2,13.3,5.3,8.2,Moderate Controversy Level,2,56th percentile,Medium
AMD,Advanced Micro Devices,"2485 Augustine Drive
Santa Clara, CA 95054
United States",Technology,Semiconductors,"26,000",,29.2,,,,,,,
ADBE,Adobe Inc.,"345 Park Avenue
San Jose, CA 95110-2704
United States",Technology,Software - Infrastructure,"29,945",,29.2,1.9,5.2,6,Moderate Controversy Level,2,7th percentile,Low
ACN,Accenture Plc,"1 Grand Canal Square
Grand Canal Harbour
Dublin, D02 P820
Ireland",Technology,Information Technology Services,"7,42,000",,29.2,0.8,4.4,4.6,Moderate Controversy Level,2,3rd percentile,Negligible
ABBV,Abbvie Inc.,"1 North Waukegan Road
North Chicago, IL 60064-6400
United States",Healthcare,Drug Manufacturers - General,"50,000",,29.2,2.4,10.4,17.2,Significant Controversy Level,3,69th percentile,Medium
ABT,Abbott Laboratories,"100 Abbott Park Road
Abbott Park
North Chicago, IL 60064-6400
United States",Healthcare,Medical Devices,"1,14,000",,29.2,2.3,8.3,14.2,Significant Controversy Level,3,48th percentile,Medium
AOS,A.O. Smith Corporation,"11270 West Park Place
Suite 170 PO Box 245008
Milwaukee, WI 53224-9508
United States",Industrials,Specialty Industrial Machinery,"12,000",,29.2,7.2,6.4,11.9,Low Controversy Level,1,51st percentile,Medium
MMM,3m Company,"3M Center
Saint Paul, MN 55144-1000
United States",Industrials,Conglomerates,"85,000",,29.2,17.2,6.5,13.6,Severe Controversy Level,5,89th percentile,High
